-0.021200,-0.017449,-0.594879
0.000000,0.000000,0.000000
-0.011555,0.011995,-0.061523
-0.011555,0.011995,-0.061523
-0.011555,0.011995,-0.061523
-0.011555,0.011995,-0.061523
-0.011555,0.011995,-0.061523
-0.011555,0.011995,-0.061523
-0.011555,0.011995,-0.061523
-0.011555,0.011995,-0.061523
-0.011555,0.011995,-0.061523
-0.011555,0.011995,-0.061523
-0.011666,0.011939,-0.062531
-0.011721,0.011910,-0.063019
-0.011721,0.011910,-0.063019
-0.011778,0.011881,-0.063538
-0.011835,0.011852,-0.064026
-0.011893,0.011820,-0.064514
-0.012014,0.011761,-0.065552
-0.012075,0.011730,-0.066071
-0.012138,0.011698,-0.066620
-0.012204,0.011664,-0.067139
-0.012330,0.011595,-0.068207
-0.012279,0.011547,-0.068512
-0.012235,0.011507,-0.068817
-0.012194,0.011466,-0.069122
-0.012122,0.011383,-0.069855
-0.012122,0.011383,-0.069855
-0.012062,0.011295,-0.070618
-0.012062,0.011295,-0.070618
-0.012013,0.011205,-0.071350
-0.011993,0.011160,-0.071716
-0.011976,0.011116,-0.072113
-0.011962,0.011073,-0.072479
-0.011951,0.011029,-0.072906
-0.011937,0.010939,-0.073761
-0.011932,0.010893,-0.074188
-0.011928,0.010845,-0.074615
-0.011928,0.010845,-0.074615
-0.011926,0.010697,-0.075928
-0.011926,0.010697,-0.075928
-0.011929,0.010645,-0.076355
-0.011936,0.010592,-0.076843
-0.011946,0.010541,-0.077332
-0.011970,0.010442,-0.078308
-0.011970,0.010442,-0.078308
-0.011996,0.010340,-0.079285
-0.011996,0.010340,-0.079285
-0.012053,0.010177,-0.080566
-0.012053,0.010177,-0.080566
-0.012076,0.010116,-0.080933
-0.012100,0.010053,-0.081207
-0.012124,0.009989,-0.081421
-0.012178,0.009857,-0.081512
-0.012208,0.009788,-0.081421
-0.012230,0.009720,-0.081207
-0.012283,0.009576,-0.080566
-0.012310,0.009501,-0.080139
-0.012340,0.009425,-0.079620
-0.012374,0.009347,-0.079041
-0.012374,0.009347,-0.079041
-0.012484,0.009104,-0.076691
-0.012484,0.009104,-0.076691
-0.012526,0.009025,-0.075775
-0.012571,0.008943,-0.074738
-0.012619,0.008858,-0.073639
-0.012725,0.008682,-0.071320
-0.012672,0.008462,-0.069794
-0.012626,0.008243,-0.068207
-0.012586,0.008025,-0.066559
-0.012536,0.007601,-0.063049
-0.012525,0.007393,-0.061218
-0.012525,0.007393,-0.061218
-0.012518,0.007184,-0.059326
-0.012521,0.006765,-0.055420
-0.012532,0.006557,-0.053375
-0.012548,0.006348,-0.051300
-0.012569,0.006139,-0.049164
-0.012625,0.005730,-0.044708
-0.012661,0.005528,-0.042419
-0.012700,0.005328,-0.040100
-0.012743,0.005129,-0.037750
-0.012743,0.005129,-0.037750
-0.012896,0.004541,-0.030457
-0.012896,0.004541,-0.030457
-0.012955,0.004347,-0.027954
-0.013018,0.004155,-0.025391
-0.013095,0.003956,-0.022827
-0.013265,0.003561,-0.017548
-0.013355,0.003365,-0.014893
-0.013449,0.003172,-0.012238
-0.013647,0.002791,-0.006805
-0.013751,0.002602,-0.004028
-0.013859,0.002415,-0.001221
-0.013971,0.002228,0.001587
-0.013971,0.002228,0.001587
-0.014308,0.001680,0.010132
-0.014308,0.001680,0.010132
-0.014420,0.001499,0.012970
-0.014534,0.001317,0.015869
-0.014769,0.000957,0.021667
-0.014888,0.000778,0.024597
-0.015009,0.000616,0.027557
-0.015133,0.000456,0.030518
-0.015260,0.000297,0.033478
-0.015389,0.000139,0.036438
-0.015648,-0.000175,0.042419
-0.015779,-0.000331,0.045410
-0.015779,-0.000331,0.045410
-0.016171,-0.000791,0.054413
-0.016171,-0.000791,0.054413
-0.016353,-0.000876,0.057617
-0.016536,-0.000961,0.060822
-0.016718,-0.001044,0.063965
-0.017077,-0.001209,0.070251
-0.017255,-0.001292,0.073395
-0.017434,-0.001374,0.076538
-0.017614,-0.001456,0.079681
-0.017969,-0.001632,0.085938
-0.018147,-0.001716,0.089050
-0.018325,-0.001797,0.092133
-0.018325,-0.001797,0.092133
-0.018858,-0.002032,0.101349
-0.018858,-0.002032,0.101349
-0.019035,-0.002109,0.104401
-0.019211,-0.002185,0.107422
-0.019561,-0.002335,0.113495
-0.019736,-0.002407,0.116486
-0.019909,-0.002478,0.119446
-0.020082,-0.002547,0.122406
-0.020254,-0.002613,0.125366
-0.020596,-0.002739,0.131195
-0.020596,-0.002739,0.131195
-0.020925,-0.002842,0.136993
-0.020925,-0.002842,0.136993
-0.021090,-0.002892,0.139862
-0.021419,-0.002992,0.145538
-0.021581,-0.003041,0.148315
-0.021743,-0.003089,0.151093
-0.021905,-0.003136,0.153839
-0.022226,-0.003230,0.159302
-0.022385,-0.003276,0.161987
-0.022542,-0.003321,0.164673
-0.022858,-0.003409,0.169983
-0.023015,-0.003453,0.172607
-0.023015,-0.003453,0.172607
-0.023327,-0.003544,0.177795
-0.023327,-0.003544,0.177795
-0.023482,-0.003590,0.180359
-0.023763,-0.003672,0.185425
-0.023906,-0.003713,0.187927
-0.024047,-0.003755,0.190399
-0.024325,-0.003842,0.195251
-0.024464,-0.003887,0.197662
-0.024495,-0.003581,0.200531
-0.024527,-0.003280,0.203369
-0.024527,-0.003280,0.203369
-0.024629,-0.002420,0.211700
-0.024629,-0.002420,0.211700
-0.024665,-0.002148,0.214386
-0.024702,-0.001880,0.217041
-0.024739,-0.001618,0.219666
-0.024815,-0.001111,0.224792
-0.024852,-0.000866,0.227295
-0.024886,-0.000627,0.229767
-0.024919,-0.000393,0.232208
-0.024984,0.000059,0.237000
-0.025015,0.000278,0.239319
-0.025048,0.000493,0.241608
-0.025048,0.000493,0.241608
-0.025083,0.000704,0.243866
-0.025155,0.001117,0.248260
-0.025188,0.001313,0.250397
-0.025220,0.001506,0.252533
-0.025250,0.001694,0.254608
-0.025310,0.002058,0.258667
-0.025339,0.002231,0.260620
-0.025367,0.002398,0.262573
-0.025395,0.002557,0.264496
-0.025451,0.002856,0.268188
-0.025451,0.002856,0.268188
-0.025509,0.003130,0.271790
-0.025509,0.003130,0.271790
-0.025538,0.003257,0.273529
-0.025564,0.003378,0.275208
-0.025613,0.003600,0.278503
-0.025638,0.003702,0.280090
-0.025688,0.003883,0.283203
-0.025713,0.003964,0.284698
-0.025737,0.004042,0.286163
-0.025760,0.004114,0.287628
-0.025805,0.004243,0.290344
-0.025827,0.004298,0.291687
-0.025827,0.004298,0.291687
-0.025847,0.004347,0.292969
-0.025869,0.004391,0.294250
-0.025883,0.004419,0.295471
-0.025911,0.004463,0.297852
-0.026020,0.004703,0.299500
-0.026126,0.004935,0.301086
-0.026334,0.005375,0.304138
-0.026435,0.005583,0.305603
-0.026533,0.005782,0.307037
-0.026628,0.005966,0.308441
-0.026628,0.005966,0.308441
-0.026720,0.006143,0.309784
-0.026898,0.006479,0.312378
-0.026984,0.006638,0.313599
-0.027070,0.006790,0.314789
-0.027155,0.006933,0.315948
-0.027321,0.007205,0.318146
-0.027401,0.007331,0.319214
-0.027480,0.007450,0.320221
-0.027631,0.007667,0.322174
-0.027707,0.007767,0.323059
-0.027781,0.007860,0.323914
-0.027853,0.007947,0.324768
-0.027853,0.007947,0.324768
-0.027922,0.008027,0.325562
-0.028055,0.008169,0.327087
-0.028118,0.008230,0.327789
-0.028182,0.008284,0.328461
-0.028245,0.008333,0.329132
-0.028364,0.008409,0.330353
-0.028421,0.008438,0.330902
-0.028477,0.008460,0.331451
-0.028530,0.008477,0.331970
-0.028626,0.008486,0.332947
-0.028626,0.008486,0.332947
-0.028674,0.008482,0.333374
-0.028721,0.008472,0.333801
-0.028766,0.008458,0.334198
-0.028810,0.008437,0.334564
-0.028890,0.008381,0.335205
-0.028928,0.008345,0.335510
-0.028998,0.008260,0.336029
-0.029031,0.008212,0.336243
-0.029063,0.008160,0.336456
-0.029093,0.008104,0.336609
-0.029122,0.008045,0.336792
-0.029171,0.007920,0.337036
-0.029171,0.007920,0.337036
-0.029277,0.008287,0.337891
-0.029377,0.008640,0.338715
-0.029475,0.008980,0.339478
-0.029664,0.009618,0.340912
-0.029753,0.009919,0.341553
-0.029838,0.010207,0.342163
-0.030002,0.010754,0.343292
-0.030079,0.011015,0.343811
-0.030153,0.011263,0.344299
-0.030227,0.011501,0.344757
-0.030227,0.011501,0.344757
-0.030299,0.011731,0.345154
-0.030433,0.012165,0.345886
-0.030498,0.012368,0.346191
-0.030560,0.012561,0.346497
-0.030674,0.012920,0.346985
-0.030717,0.013092,0.347198
-0.030759,0.013255,0.347382
-0.030800,0.013410,0.347534
-0.030873,0.013699,0.347748
-0.030906,0.013833,0.347809
-0.030906,0.013833,0.347809
-0.030970,0.014078,0.347900
-0.030970,0.014078,0.347900
-0.030998,0.014187,0.347900
-0.031039,0.014380,0.347809
-0.031056,0.014465,0.347748
-0.031072,0.014541,0.347626
-0.031086,0.014608,0.347504
-0.031115,0.014721,0.347198
-0.031127,0.014768,0.347015
-0.031138,0.014808,0.346832
-0.031138,0.014808,0.346832
-0.031159,0.014909,0.346100
-0.031159,0.014909,0.346100
-0.031161,0.014930,0.345825
-0.031160,0.014947,0.345520
-0.031157,0.014956,0.345215
-0.031146,0.014951,0.344543
-0.031136,0.014936,0.344208
-0.031123,0.014915,0.343842
-0.031110,0.014885,0.343445
-0.031078,0.014808,0.342621
-0.031599,0.015275,0.342896
-0.032107,0.015724,0.343170
-0.032107,0.015724,0.343170
-0.032605,0.016157,0.343414
-0.033561,0.016974,0.343781
-0.034020,0.017352,0.343933
-0.034467,0.017716,0.344025
-0.034904,0.018065,0.344086
-0.035746,0.018720,0.344147
-0.036153,0.019028,0.344147
-0.036551,0.019325,0.344116
-0.036940,0.019611,0.344055
-0.037693,0.020153,0.343903
-0.037693,0.020153,0.343903
-0.038407,0.020652,0.343628
-0.038407,0.020652,0.343628
-0.038750,0.020885,0.343475
-0.039413,0.021320,0.343109
-0.039732,0.021521,0.342896
-0.040046,0.021710,0.342651
-0.040646,0.022067,0.342163
-0.040933,0.022232,0.341858
-0.041212,0.022387,0.341553
-0.041482,0.022533,0.341248
-0.042003,0.022798,0.340546
-0.042252,0.022917,0.340179
-0.042252,0.022917,0.340179
-0.042492,0.023024,0.339813
-0.042724,0.023122,0.339417
-0.042948,0.023210,0.339020
-0.043373,0.023358,0.338196
-0.043574,0.023416,0.337769
-0.043768,0.023463,0.337341
-0.043954,0.023498,0.336884
-0.044133,0.023524,0.336426
-0.044483,0.023537,0.335449
-0.044647,0.023529,0.334961
-0.044647,0.023529,0.334961
-0.045090,0.023449,0.333435
-0.045090,0.023449,0.333435
-0.045222,0.023404,0.332916
-0.045346,0.023351,0.332367
-0.045567,0.023222,0.331268
-0.045666,0.023146,0.330719
-0.046089,0.023665,0.330902
-0.046497,0.024162,0.331055
-0.047268,0.025090,0.331299
-0.047632,0.025523,0.331360
-0.047983,0.025937,0.331421
-0.048321,0.026334,0.331482
-0.048321,0.026334,0.331482
-0.048644,0.026709,0.331482
-0.049250,0.027411,0.331482
-0.049533,0.027739,0.331421
-0.049804,0.028051,0.331360
-0.050309,0.028632,0.331146
-0.050544,0.028902,0.331024
-0.050768,0.029158,0.330902
-0.050982,0.029398,0.330750
-0.051187,0.029624,0.330566
-0.051564,0.030035,0.330200
-0.051564,0.030035,0.330200
-0.051900,0.030395,0.329773
-0.051900,0.030395,0.329773
-0.051900,0.030395,0.329773
-0.052336,0.030836,0.329071
-0.052336,0.030836,0.329071
-0.052583,0.031069,0.328522
-0.052583,0.031069,0.328522
-0.052795,0.031260,0.327911
-0.052887,0.031338,0.327606
-0.052971,0.031404,0.327271
-0.053047,0.031459,0.326904
-0.053114,0.031503,0.326569
-0.053226,0.031562,0.325806
-0.053269,0.031577,0.325409
-0.053305,0.031582,0.325012
-0.053332,0.031577,0.324615
-0.053366,0.031536,0.323730
-0.053366,0.031536,0.323730
-0.053376,0.031461,0.322845
-0.053376,0.031461,0.322845
-0.053376,0.031411,0.322357
-0.053369,0.031352,0.321899
-0.053333,0.031211,0.320953
-0.053306,0.031129,0.320465
-0.053233,0.030939,0.319458
-0.053185,0.030832,0.318939
-0.053646,0.031516,0.319183
-0.054088,0.032174,0.319366
-0.054920,0.033420,0.319733
-0.055311,0.034009,0.319855
-0.055685,0.034577,0.319977
-0.056046,0.035123,0.320068
-0.056046,0.035123,0.320068
-0.056392,0.035649,0.320129
-0.057037,0.036642,0.320251
-0.057338,0.037108,0.320251
-0.057627,0.037554,0.320282
-0.057905,0.037981,0.320251
-0.058421,0.038782,0.320190
-0.058662,0.039156,0.320129
-0.058893,0.039513,0.320038
-0.059113,0.039854,0.319946
-0.059521,0.040481,0.319763
-0.059710,0.040769,0.319641
-0.059891,0.041042,0.319489
-0.059891,0.041042,0.319489
-0.060063,0.041300,0.319366
-0.060381,0.041767,0.319031
-0.060525,0.041976,0.318878
-0.060659,0.042169,0.318695
-0.060894,0.042498,0.318298
-0.060996,0.042638,0.318085
-0.061091,0.042763,0.317871
-0.061178,0.042874,0.317627
-0.061256,0.042971,0.317383
-0.061384,0.043121,0.316833
-0.061384,0.043121,0.316833
-0.061474,0.043215,0.316254
-0.061474,0.043215,0.316254
-0.061527,0.043255,0.315643
-0.061541,0.043255,0.315338
-0.061546,0.043243,0.315002
-0.061545,0.043217,0.314667
-0.061538,0.043180,0.314331
-0.061502,0.043068,0.313629
-0.061473,0.042994,0.313263
-0.061439,0.042900,0.312897
-0.061439,0.042900,0.312897
-0.061299,0.042539,0.311768
-0.061299,0.042539,0.311768
-0.061537,0.043145,0.312195
-0.061537,0.043145,0.312195
-0.061762,0.043725,0.312622
-0.062172,0.044806,0.313354
-0.062172,0.044806,0.313354
-0.062692,0.046249,0.314362
-0.062692,0.046249,0.314362
-0.062842,0.046686,0.314636
-0.062979,0.047100,0.314911
-0.063104,0.047491,0.315155
-0.063320,0.048208,0.315613
-0.063411,0.048536,0.315826
-0.063492,0.048847,0.316010
-0.063492,0.048847,0.316010
-0.063615,0.049415,0.316315
-0.063615,0.049415,0.316315
-0.063663,0.049673,0.316437
-0.063663,0.049673,0.316437
-0.063704,0.049912,0.316559
-0.063735,0.050134,0.316650
-0.063757,0.050339,0.316742
-0.063774,0.050699,0.316864
-0.063774,0.050699,0.316864
-0.063772,0.050854,0.316895
-0.063764,0.050992,0.316895
-0.063748,0.051115,0.316925
-0.063723,0.051222,0.316925
-0.063723,0.051222,0.316925
-0.063609,0.051455,0.316833
-0.063609,0.051455,0.316833
-0.063494,0.051539,0.316742
-0.063494,0.051539,0.316742
-0.063426,0.051558,0.316650
-0.063281,0.051561,0.316498
-0.063199,0.051539,0.316406
-0.063110,0.051503,0.316315
-0.063014,0.051454,0.316223
-0.062796,0.051316,0.315979
-0.062676,0.051228,0.315826
-0.062551,0.051127,0.315674
-0.062419,0.051013,0.315521
-0.062140,0.050749,0.315155
-0.061994,0.050599,0.314972
-0.061843,0.050438,0.314789
-0.061689,0.050265,0.314575
-0.061367,0.049879,0.314148
-0.061197,0.049670,0.313934
-0.061523,0.050278,0.314484
-0.061523,0.050278,0.314484
-0.062348,0.052014,0.315948
-0.062348,0.052014,0.315948
-0.062595,0.052542,0.316406
-0.062829,0.053046,0.316833
-0.063051,0.053524,0.317230
-0.063260,0.053976,0.317596
-0.063454,0.054407,0.317932
-0.063805,0.055199,0.318573
-0.063962,0.055561,0.318878
-0.064106,0.055903,0.319153
-0.064364,0.056527,0.319641
-0.064476,0.056810,0.319855
-0.064476,0.056810,0.319855
-0.064675,0.057315,0.320221
-0.064675,0.057315,0.320221
-0.064768,0.057531,0.320374
-0.064852,0.057730,0.320526
-0.064997,0.058077,0.320770
-0.065059,0.058225,0.320862
-0.065157,0.058470,0.320984
-0.065195,0.058566,0.321045
-0.065224,0.058592,0.321075
-0.065247,0.058604,0.321075
-0.065270,0.058574,0.321106
-0.065270,0.058534,0.321075
-0.065263,0.058475,0.321045
-0.065250,0.058398,0.320984
-0.065198,0.058196,0.320862
-0.065161,0.058073,0.320770
-0.065120,0.057939,0.320679
-0.065073,0.057791,0.320587
-0.065021,0.057629,0.320465
-0.064897,0.057263,0.320221
-0.064897,0.057263,0.320221
-0.064824,0.057060,0.320099
-0.064824,0.057060,0.320099
-0.064090,0.055529,0.318787
-0.063994,0.055285,0.318604
-0.063891,0.055030,0.318420
-0.063780,0.054764,0.318237
-0.063530,0.054205,0.317841
-0.063530,0.054205,0.317841
-0.063854,0.054363,0.318237
-0.063854,0.054363,0.318237
-0.065122,0.055562,0.319916
-0.065122,0.055562,0.319916
-0.065504,0.055906,0.320404
-0.065868,0.056227,0.320892
-0.066215,0.056527,0.321350
-0.066859,0.057062,0.322205
-0.067156,0.057299,0.322571
-0.067437,0.057517,0.322937
-0.067704,0.057717,0.323273
-0.068771,0.058924,0.324799
-0.069174,0.059337,0.325378
-0.069513,0.059659,0.325897
-0.069513,0.059659,0.325897
-0.070251,0.060242,0.327179
-0.070251,0.060242,0.327179
-0.070589,0.060412,0.327850
-0.070589,0.060412,0.327850
-0.070725,0.060448,0.328156
-0.070941,0.060442,0.328705
-0.071026,0.060406,0.328979
-0.071096,0.060351,0.329224
-0.071153,0.060279,0.329468
-0.071228,0.060085,0.329926
-0.071247,0.059964,0.330139
-0.071256,0.059826,0.330353
-0.071256,0.059826,0.330353
-0.071221,0.059325,0.330933
-0.071189,0.059130,0.331116
-0.071147,0.058921,0.331299
-0.071147,0.058921,0.331299
-0.071097,0.058699,0.331482
-0.071034,0.058458,0.331635
-0.070882,0.057944,0.331909
-0.070793,0.057670,0.332062
-0.070697,0.057387,0.332184
-0.070483,0.056791,0.332397
-0.070363,0.056480,0.332489
-0.070363,0.056480,0.332489
-0.070237,0.056158,0.332581
-0.070104,0.055827,0.332642
-0.070104,0.055827,0.332642
-0.070104,0.055827,0.332642
-0.070104,0.055827,0.332642
-0.070104,0.055827,0.332642
-0.070104,0.055827,0.332642
-0.070104,0.055827,0.332642
-0.070104,0.055827,0.332642
-0.070104,0.055827,0.332642
-0.070104,0.055827,0.332642
-0.070104,0.055827,0.332642
-0.070104,0.055827,0.332642
-0.070317,0.056033,0.333618
-0.070317,0.056033,0.333618
-0.070317,0.056033,0.333618
-0.070317,0.056033,0.333618
-0.070652,0.056552,0.334473
-0.070968,0.057044,0.335297
-0.070968,0.057044,0.335297
-0.071266,0.057508,0.336090
-0.071266,0.057508,0.336090
-0.071811,0.058367,0.337585
-0.072064,0.058762,0.338318
-0.072302,0.059134,0.338989
-0.072526,0.059484,0.339630
-0.072929,0.060118,0.340851
-0.073108,0.060403,0.341431
-0.073273,0.060668,0.341949
-0.073273,0.060668,0.341949
-0.073688,0.061351,0.343414
-0.073688,0.061351,0.343414
-0.073800,0.061542,0.343872
-0.073900,0.061714,0.344269
-0.074130,0.062132,0.345428
-0.074130,0.062132,0.345428
-0.074184,0.062239,0.345764
-0.074229,0.062328,0.346069
-0.074262,0.062401,0.346344
-0.074292,0.062484,0.346832
-0.074292,0.062484,0.346832
-0.074282,0.062499,0.347229
-0.074282,0.062499,0.347229
-0.074263,0.062484,0.347382
-0.074197,0.062411,0.347656
-0.074149,0.062353,0.347748
-0.074093,0.062280,0.347809
-0.074030,0.062192,0.347870
-0.073875,0.061977,0.347931
-0.073783,0.061848,0.347931
-0.073684,0.061705,0.347931
-0.073455,0.061379,0.337870
-0.073327,0.061196,0.327809
-0.073192,0.061000,0.317717
-0.073053,0.060787,0.307595
-0.072906,0.060561,0.297473
-0.072592,0.060076,0.287168
-0.072423,0.059815,0.276985
-0.072246,0.059542,0.276802
-0.072063,0.059258,0.266588
-0.072122,0.059439,0.256924
-0.072122,0.059439,0.246924
-0.072356,0.059888,0.237443
-0.072574,0.060311,0.227931
-0.073131,0.061426,0.219365
-0.073131,0.061426,0.209365
-0.073285,0.061750,0.199823
-0.073424,0.062050,0.190281
-0.073659,0.062582,0.181166
-0.073757,0.062817,0.181593
-0.073840,0.063033,0.172051
-0.073908,0.063231,0.162509
-0.074010,0.063569,0.153363
-0.074044,0.063709,0.143821
-0.074068,0.063830,0.134309
-0.074083,0.063933,0.124797
-0.074087,0.064019,0.115286
-0.074062,0.064139,0.106354
-0.074037,0.064174,0.096934
-0.074003,0.064192,0.087513
-0.074003,0.064192,0.077513
-0.073850,0.064155,0.069436
-0.073850,0.064155,0.069436
-0.073785,0.064113,0.060138
-0.073713,0.064055,0.050870
-0.073544,0.063899,0.042427
-0.073447,0.063800,0.033251
-0.073342,0.063688,0.024136
-0.073227,0.063562,0.015051
-0.073104,0.063422,0.005997
-0.072834,0.063106,-0.001989
-0.072689,0.062926,-0.010951
-0.072535,0.062734,-0.019822
-0.072535,0.062734,-0.029822
-0.072025,0.062093,-0.026221
-0.072025,0.062093,-0.036221
-0.071652,0.061612,-0.043596
-0.071652,0.061612,-0.053596
-0.071456,0.061355,-0.062192
-0.071044,0.060808,-0.069232
-0.070827,0.060520,-0.077706
-0.070604,0.060222,-0.086119
-0.070374,0.059913,-0.094471
-0.070415,0.060076,-0.100474
-0.070677,0.060535,-0.108154
-0.070922,0.060967,-0.115804
-0.071152,0.061372,-0.113394
-0.071368,0.061751,-0.120952
-0.071754,0.062440,-0.125947
-0.071926,0.062749,-0.133353
-0.071926,0.062749,-0.143353
-0.072085,0.063034,-0.150729
-0.072366,0.063537,-0.155327
-0.072489,0.063758,-0.162550
-0.072600,0.063960,-0.169742
-0.072782,0.064305,-0.173944
-0.072857,0.064449,-0.180984
-0.072922,0.064573,-0.187963
-0.072978,0.064678,-0.184880
-0.073023,0.064765,-0.191768
-0.073023,0.064765,-0.201768
-0.073086,0.064887,-0.205359
-0.073104,0.064920,-0.212063
-0.073110,0.064939,-0.218706
-0.073107,0.064942,-0.225319
-0.073072,0.064899,-0.228361
-0.073039,0.064854,-0.234821
-0.073039,0.064854,-0.244821
-0.072998,0.064793,-0.251189
-0.072949,0.064717,-0.247527
-0.072893,0.064626,-0.253804
-0.072760,0.064404,-0.256174
-0.072684,0.064278,-0.262299
-0.072512,0.063987,-0.264333
-0.072416,0.063822,-0.270244
-0.072416,0.063822,-0.280244
-0.072311,0.063643,-0.286124
-0.072201,0.063452,-0.281943
-0.072062,0.063232,-0.297701
-0.071762,0.062760,-0.299065
-0.071602,0.062507,-0.304640
-0.071602,0.062507,-0.304640
-0.071264,0.061969,-0.305637
-0.070902,0.061390,-0.306360
-0.070902,0.061390,-0.316360
-0.070711,0.061085,-0.321660
-0.070513,0.060771,-0.326869
-0.070309,0.060449,-0.332047
-0.070097,0.060111,-0.337134
-0.070097,0.060111,-0.347134
-0.071198,0.061071,-0.346514
-0.071715,0.061511,-0.351112
-0.072209,0.061923,-0.355710
-0.072680,0.062308,-0.360217
-0.073566,0.063003,-0.349109
-0.073984,0.063316,-0.353494
-0.074385,0.063609,-0.357817
-0.074770,0.063883,-0.362080
-0.075493,0.064369,-0.360483
-0.075830,0.064581,-0.364594
-0.076166,0.064789,-0.368673
-0.076486,0.064977,-0.372692
-0.077085,0.065302,-0.370607
-0.077371,0.065444,-0.374473
-0.077642,0.065569,-0.378308
-0.077899,0.065679,-0.382083
-0.077899,0.065679,-0.382083
-0.078596,0.065914,-0.373192
-0.078596,0.065914,-0.383192
-0.078803,0.065961,-0.386814
-0.078998,0.065991,-0.390375
-0.079179,0.066006,-0.393875
-0.079347,0.066005,-0.397344
-0.079648,0.065953,-0.394191
-0.079782,0.065904,-0.397538
-0.079907,0.065840,-0.400824
-0.080131,0.065666,-0.397305
-0.080230,0.065556,-0.400469
-0.080318,0.065431,-0.393602
-0.080400,0.065285,-0.396705
-0.080527,0.064956,-0.392759
-0.080573,0.064770,-0.395709
-0.080573,0.064770,-0.405709
-0.080610,0.064571,-0.408660
-0.080655,0.064135,-0.404408
-0.080662,0.063899,-0.407236
-0.080658,0.063651,-0.410004
-0.080643,0.063387,-0.412771
-0.080581,0.062822,-0.408153
-0.080535,0.062521,-0.400798
-0.080478,0.062209,-0.403444
-0.080411,0.061886,-0.406028
-0.081145,0.062076,-0.400647
-0.081482,0.062143,-0.402896
-0.081482,0.062143,-0.412896
-0.082098,0.062225,-0.407362
-0.082098,0.062225,-0.417362
-0.082641,0.062237,-0.411737
-0.082641,0.062237,-0.421737
-0.083114,0.062184,-0.415959
-0.083326,0.062134,-0.418055
-0.083519,0.062071,-0.410121
-0.083855,0.061902,-0.404191
-0.084000,0.061796,-0.406195
-0.084131,0.061677,-0.408169
-0.084351,0.061405,-0.402025
-0.084439,0.061252,-0.403938
-0.084516,0.061088,-0.405790
-0.084516,0.061088,-0.415790
-0.084580,0.060914,-0.417642
-0.084710,0.060324,-0.403105
-0.084710,0.060324,-0.413105
-0.084731,0.060104,-0.414896
-0.084741,0.059873,-0.406687
-0.084733,0.059379,-0.400177
-0.084714,0.059116,-0.401907
-0.084687,0.058841,-0.403606
-0.084650,0.058552,-0.405305
-0.084605,0.058251,-0.406974
-0.084486,0.057621,-0.400250
-0.084410,0.057292,-0.401888
-0.084325,0.056953,-0.403496
-0.084325,0.056953,-0.413496
-0.084027,0.055878,-0.398228
-0.084027,0.055878,-0.408228
-0.083917,0.055505,-0.409774
-0.083799,0.055122,-0.401290
-0.083675,0.054732,-0.402837
-0.083405,0.053935,-0.395839
-0.083259,0.053525,-0.397355
-0.083106,0.053108,-0.398810
-0.082947,0.052684,-0.400295
-0.082608,0.051820,-0.393175
-0.082608,0.051820,-0.403175
-0.082428,0.051382,-0.404600
-0.082241,0.050940,-0.406024
-0.082820,0.051335,-0.398202
-0.083083,0.051505,-0.399291
-0.083328,0.051657,-0.390380
-0.083558,0.051792,-0.391469
-0.083975,0.052009,-0.383616
-0.084161,0.052095,-0.384705
-0.084332,0.052167,-0.385793
-0.084486,0.052223,-0.386882
-0.084486,0.052223,-0.396882
-0.084870,0.052307,-0.380179
-0.084870,0.052307,-0.390179
-0.084971,0.052308,-0.391268
-0.085058,0.052298,-0.392357
-0.085134,0.052276,-0.393446
-0.085254,0.052196,-0.375624
-0.085299,0.052140,-0.376743
-0.085335,0.052072,-0.377832
-0.085376,0.051908,-0.370040
-0.085380,0.051810,-0.371129
-0.085368,0.051700,-0.372249
-0.085347,0.051581,-0.373337
-0.085347,0.051581,-0.383337
-0.085222,0.051168,-0.366665
-0.085222,0.051168,-0.376665
-0.085222,0.051168,-0.376665
-0.085222,0.051168,-0.376665
-0.085222,0.051168,-0.376665
-0.085222,0.051168,-0.376665
-0.085092,0.050840,-0.388904
-0.085014,0.050661,-0.390023
-0.084929,0.050475,-0.391173
-0.084737,0.050076,-0.383442
-0.084737,0.050076,-0.393442
-0.084629,0.049862,-0.394592
-0.084514,0.049639,-0.395742
-0.084392,0.049406,-0.396892
-0.084264,0.049164,-0.398042
-0.083988,0.048652,-0.390342
-0.083840,0.048386,-0.381492
-0.083683,0.048120,-0.382642
-0.083347,0.047564,-0.374941
-0.083168,0.047274,-0.376091
-0.082980,0.046979,-0.377211
-0.082582,0.046374,-0.369480
-0.082372,0.046063,-0.370630
-0.082156,0.045747,-0.371749
-0.082560,0.045777,-0.372594
-0.082560,0.045777,-0.382594
-0.083658,0.045798,-0.365250
-0.083658,0.045798,-0.365250
-0.084295,0.045756,-0.357031
-0.084295,0.045756,-0.367031
-0.084863,0.045669,-0.358873
-0.085122,0.045609,-0.359810
-0.085365,0.045545,-0.360746
-0.085593,0.045469,-0.361682
-0.085805,0.045382,-0.362649
-0.086188,0.045180,-0.354552
-0.086359,0.045064,-0.355519
-0.086518,0.044938,-0.356486
-0.086661,0.044804,-0.357483
-0.086908,0.044501,-0.339478
-0.086145,0.043199,-0.318380
-0.086311,0.042824,-0.310466
-0.086311,0.042824,-0.320466
-0.086430,0.042406,-0.312614
-0.086430,0.042406,-0.322614
-0.086472,0.042181,-0.323702
-0.086518,0.041704,-0.315880
-0.086524,0.041452,-0.317000
-0.086520,0.041191,-0.318149
-0.086508,0.040920,-0.319299
-0.086452,0.040355,-0.311660
-0.086409,0.040058,-0.302841
-0.086359,0.039753,-0.304082
-0.086299,0.039440,-0.305293
-0.086158,0.038797,-0.297806
-0.086158,0.038797,-0.307806
-0.086375,0.038535,-0.300533
-0.086375,0.038535,-0.310533
-0.086561,0.038484,-0.311958
-0.086690,0.038147,-0.304716
-0.086671,0.037901,-0.306079
-0.086613,0.037620,-0.307443
-0.086525,0.037311,-0.308745
-0.086279,0.036635,-0.301289
-0.086979,0.036876,-0.292378
-0.087633,0.037086,-0.293436
-0.088249,0.037271,-0.294495
-0.089381,0.037572,-0.286581
-0.089902,0.037696,-0.287609
-0.090394,0.037804,-0.288606
-0.090394,0.037804,-0.298606
-0.091719,0.038049,-0.281567
-0.091719,0.038049,-0.291567
-0.092117,0.038109,-0.292565
-0.092495,0.038158,-0.293531
-0.093192,0.038228,-0.275465
-0.093513,0.038246,-0.276462
-0.093817,0.038255,-0.277460
-0.094104,0.038254,-0.278427
-0.094374,0.038244,-0.279424
-0.094864,0.038195,-0.271388
-0.095086,0.038156,-0.272385
-0.095294,0.038095,-0.273413
-0.095294,0.038095,-0.283413
-0.095825,0.037862,-0.266497
-0.095825,0.037862,-0.276497
-0.095972,0.037769,-0.277555
-0.096105,0.037668,-0.268644
-0.096223,0.037561,-0.269733
-0.096416,0.037325,-0.261941
-0.096489,0.037192,-0.263060
-0.096546,0.037052,-0.264180
-0.096590,0.036906,-0.265360
-0.096641,0.036596,-0.257751
-0.096648,0.036432,-0.258962
-0.096642,0.036259,-0.260204
-0.096642,0.036259,-0.270204
-0.096549,0.035702,-0.253959
-0.096549,0.035702,-0.263959
-0.096495,0.035502,-0.265261
-0.096431,0.035296,-0.256564
-0.096354,0.035085,-0.257897
-0.096164,0.034647,-0.250624
-0.096053,0.034422,-0.252018
-0.095931,0.034193,-0.253412
-0.095650,0.033722,-0.246261
-0.095493,0.033482,-0.247716
-0.095325,0.033238,-0.249202
-0.095961,0.033490,-0.250565
-0.095961,0.033490,-0.260565
-0.096571,0.033728,-0.261990
-0.097712,0.034166,-0.254839
-0.098245,0.034364,-0.246294
-0.098755,0.034550,-0.247749
-0.099241,0.034725,-0.249265
-0.100140,0.035033,-0.242328
-0.100558,0.035168,-0.243905
-0.100957,0.035290,-0.245482
-0.101333,0.035401,-0.247090
-0.102026,0.035588,-0.240366
-0.102026,0.035588,-0.250366
-0.102645,0.035726,-0.243704
-0.102645,0.035726,-0.253704
-0.102924,0.035776,-0.255403
-0.103426,0.035847,-0.238893
-0.103650,0.035867,-0.240684
-0.103857,0.035876,-0.242444
-0.104049,0.035875,-0.244265
-0.104387,0.035850,-0.237938
-0.104534,0.035825,-0.239790
-0.104534,0.035825,-0.249790
-0.104665,0.035792,-0.251642
-0.104883,0.035703,-0.245437
-0.104967,0.035647,-0.247350
-0.105038,0.035583,-0.249293
-0.105093,0.035509,-0.251267
-0.105163,0.035340,-0.235215
-0.105177,0.035244,-0.237219
-0.105174,0.035140,-0.239224
-0.105157,0.035031,-0.241259
-0.105124,0.034916,-0.243324
-0.105015,0.034668,-0.237485
-0.105015,0.034668,-0.247485
-0.104939,0.034536,-0.249581
-0.104851,0.034397,-0.251708
-0.104750,0.034252,-0.253834
-0.104503,0.033938,-0.248118
-0.104360,0.033772,-0.250305
-0.104203,0.033598,-0.242523
-0.104033,0.033417,-0.244711
-0.103654,0.033034,-0.239177
-0.103443,0.032834,-0.241426
-0.103840,0.033120,-0.243705
-0.103840,0.033120,-0.253705
-0.104881,0.033880,-0.240664
-0.104881,0.033880,-0.250664
-0.105179,0.034105,-0.253004
-0.105453,0.034317,-0.255344
-0.105705,0.034515,-0.257715
-0.106145,0.034867,-0.252456
-0.106333,0.035025,-0.244857
-0.106501,0.035173,-0.247258
-0.106649,0.035309,-0.249659
-0.106885,0.035549,-0.244492
-0.106973,0.035654,-0.246924
-0.107044,0.035748,-0.249386
-0.107044,0.035748,-0.259386
-0.107152,0.035974,-0.246742
-0.107152,0.035974,-0.256742
-0.107155,0.036030,-0.259174
-0.107142,0.036078,-0.261666
-0.107115,0.036118,-0.264159
-0.107016,0.036171,-0.249175
-0.106947,0.036184,-0.251667
-0.106865,0.036186,-0.254160
-0.106771,0.036180,-0.256683
-0.106542,0.036139,-0.251699
-0.106408,0.036106,-0.254222
-0.106260,0.036065,-0.256746
-0.106260,0.036065,-0.266746
-0.105740,0.035903,-0.254346
-0.105740,0.035903,-0.264346
-0.105544,0.035834,-0.266869
-0.105337,0.035757,-0.259423
-0.104888,0.035584,-0.254500
-0.104648,0.035487,-0.257023
-0.104397,0.035384,-0.259607
-0.104135,0.035274,-0.262161
-0.103863,0.035157,-0.264745
-0.103292,0.034898,-0.259852
-0.103292,0.034898,-0.269852
-0.102991,0.034756,-0.272437
-0.102679,0.034606,-0.274990
-0.102359,0.034449,-0.277574
-0.101692,0.034114,-0.272682
-0.101346,0.033937,-0.275266
-0.101769,0.033808,-0.268033
-0.102165,0.033672,-0.270801
-0.102884,0.033381,-0.266305
-0.103207,0.033226,-0.269011
-0.103507,0.033065,-0.271748
-0.103507,0.033065,-0.281748
-0.104278,0.032552,-0.269928
-0.104278,0.032552,-0.279928
-0.104491,0.032371,-0.282665
-0.104684,0.032185,-0.285371
-0.104857,0.031996,-0.288077
-0.105146,0.031605,-0.283490
-0.105264,0.031406,-0.276166
-0.105366,0.031201,-0.278872
-0.105453,0.030992,-0.281578
-0.105580,0.030561,-0.276960
-0.105623,0.030340,-0.279636
-0.105653,0.030114,-0.282312
-0.105653,0.030114,-0.292312
-0.105652,0.029410,-0.280309
-0.105652,0.029410,-0.290309
-0.105625,0.029168,-0.292924
-0.105585,0.028922,-0.295569
-0.105529,0.028673,-0.298214
-0.105379,0.028166,-0.283474
-0.105285,0.027907,-0.286089
-0.105178,0.027644,-0.288704
-0.105060,0.027378,-0.291288
-0.104789,0.026840,-0.286456
-0.104637,0.026568,-0.289041
-0.104475,0.026294,-0.291655
-0.104475,0.026294,-0.301655
-0.103928,0.025456,-0.289377
-0.103928,0.025456,-0.299377
-0.103725,0.025173,-0.301931
-0.103513,0.024890,-0.304485
-0.103059,0.024321,-0.289531
-0.102817,0.024036,-0.292085
-0.102565,0.023749,-0.294639
-0.102302,0.023461,-0.297162
-0.102030,0.023173,-0.299685
-0.101459,0.022593,-0.294701
-0.101459,0.022593,-0.304701
-0.101835,0.022206,-0.299930
-0.101835,0.022206,-0.309930
-0.102481,0.022105,-0.312637
-0.103689,0.021886,-0.308141
-0.104248,0.021768,-0.310847
-0.104780,0.021646,-0.303553
-0.105284,0.021519,-0.306229
-0.106215,0.021257,-0.301550
-0.106643,0.021123,-0.304196
-0.107048,0.020985,-0.306810
-0.107048,0.020985,-0.316810
-0.107788,0.020695,-0.312040
-0.107788,0.020695,-0.322040
-0.108445,0.020386,-0.317208
-0.108742,0.020226,-0.319762
-0.109020,0.020064,-0.322316
-0.109519,0.019732,-0.307362
-0.109740,0.019565,-0.309885
-0.109942,0.019396,-0.312378
-0.110125,0.019226,-0.314901
-0.110440,0.018881,-0.309856
-0.110440,0.018881,-0.319856
-0.110689,0.018526,-0.314750
-0.110689,0.018526,-0.324750
-0.110877,0.018168,-0.319583
-0.110947,0.017988,-0.321984
-0.111001,0.017807,-0.324415
-0.111039,0.017624,-0.326786
-0.111061,0.017439,-0.329187
-0.111063,0.017064,-0.313898
-0.111043,0.016876,-0.316238
-0.111010,0.016687,-0.318578
-0.110961,0.016496,-0.320887
-0.110819,0.016111,-0.315507
-0.110819,0.016111,-0.325507
-0.110621,0.015727,-0.320126
-0.110621,0.015727,-0.330126
-0.110499,0.015537,-0.332405
-0.110363,0.015347,-0.334684
-0.110055,0.014968,-0.329211
-0.109879,0.014779,-0.331429
-0.109486,0.014401,-0.315896
-0.109269,0.014213,-0.318114
-0.109040,0.014025,-0.320332
-0.109520,0.013809,-0.322886
-0.109972,0.013593,-0.325439
-0.110782,0.013163,-0.320486
-0.110782,0.013163,-0.330486
-0.111146,0.012947,-0.332979
-0.111485,0.012729,-0.335441
-0.111797,0.012513,-0.337933
-0.112350,0.012080,-0.332858
-0.112593,0.011865,-0.335289
-0.112812,0.011650,-0.327690
-0.113010,0.011436,-0.330092
-0.113187,0.011222,-0.332462
-0.113477,0.010795,-0.327142
-0.113592,0.010582,-0.329513
-0.113592,0.010582,-0.339513
-0.113826,0.009946,-0.326503
-0.113826,0.009946,-0.336503
-0.113867,0.009736,-0.338782
-0.113891,0.009526,-0.341061
-0.113895,0.009112,-0.335558
-0.113876,0.008906,-0.337776
-0.113842,0.008701,-0.329994
-0.113795,0.008499,-0.332181
-0.113732,0.008300,-0.334369
-0.113563,0.007904,-0.328713
-0.113458,0.007706,-0.330840
-0.113339,0.007507,-0.332966
-0.113339,0.007507,-0.342966
-0.113207,0.007308,-0.345062
-0.113062,0.007109,-0.347158
-0.112738,0.006715,-0.341350
-0.112557,0.006520,-0.343416
-0.112365,0.006327,-0.345481
-0.111945,0.005942,-0.329551
-0.111717,0.005750,-0.331586
-0.111479,0.005559,-0.333590
-0.111229,0.005369,-0.335564
-0.110702,0.004992,-0.329573
-0.110702,0.004992,-0.339573
-0.110422,0.004805,-0.341577
-0.110133,0.004619,-0.343551
-0.109833,0.004433,-0.345494
-0.109202,0.004064,-0.339412
-0.108871,0.003880,-0.341324
-0.109338,0.003587,-0.333817
-0.109778,0.003296,-0.336340
-0.110580,0.002723,-0.331234
-0.110941,0.002443,-0.333666
-0.111277,0.002166,-0.336067
-0.111277,0.002166,-0.346067
-0.112154,0.001362,-0.333148
-0.112154,0.001362,-0.343148
-0.112404,0.001103,-0.345458
-0.112634,0.000848,-0.347798
-0.112843,0.000595,-0.350107
-0.113199,0.000097,-0.344666
-0.113350,-0.000148,-0.336914
-0.113482,-0.000392,-0.339132
-0.113597,-0.000632,-0.341350
-0.113771,-0.001101,-0.335695
-0.113834,-0.001331,-0.337882
-0.113880,-0.001558,-0.340039
-0.113880,-0.001558,-0.350039
-0.113930,-0.002214,-0.336357
-0.113930,-0.002214,-0.346357
-0.113918,-0.002427,-0.338453
-0.113892,-0.002637,-0.350519
-0.113797,-0.003046,-0.344589
-0.113727,-0.003244,-0.346624
-0.113643,-0.003440,-0.338658
-0.113543,-0.003634,-0.340693
-0.113304,-0.004014,-0.334672
-0.113168,-0.004199,-0.336615
-0.113168,-0.004199,-0.346615
-0.113018,-0.004382,-0.348589
-0.112857,-0.004561,-0.350502
-0.112497,-0.004909,-0.344388
-0.112301,-0.005079,-0.346362
-0.112095,-0.005245,-0.348275
-0.111877,-0.005409,-0.350188
-0.111409,-0.005728,-0.343983
-0.111159,-0.005881,-0.335865
-0.110897,-0.006030,-0.337748
-0.110624,-0.006175,-0.339600
-0.110624,-0.006175,-0.349600
-0.109739,-0.006590,-0.335216
-0.109739,-0.006590,-0.345216
-0.109422,-0.006722,-0.347068
-0.109866,-0.006947,-0.349438
-0.110678,-0.007384,-0.344119
-0.111046,-0.007597,-0.346398
-0.111390,-0.007805,-0.348677
-0.111710,-0.008009,-0.350986
-0.112283,-0.008404,-0.335514
-0.112535,-0.008597,-0.337732
-0.112767,-0.008788,-0.339919
-0.112977,-0.008976,-0.342107
-0.112977,-0.008976,-0.352107
-0.113487,-0.009518,-0.338517
-0.113487,-0.009518,-0.348517
-0.113617,-0.009691,-0.350643
-0.113725,-0.009859,-0.352770
-0.113887,-0.010186,-0.346931
-0.113943,-0.010343,-0.348966
-0.113983,-0.010498,-0.351031
-0.114008,-0.010650,-0.343036
-0.114008,-0.010650,-0.353036
-0.113991,-0.011079,-0.339019
-0.113955,-0.011211,-0.340992
-0.113905,-0.011341,-0.342936
-0.113905,-0.011341,-0.352936
-0.113763,-0.011591,-0.346792
-0.113673,-0.011712,-0.348705
-0.113568,-0.011830,-0.350618
-0.113451,-0.011944,-0.352469
-0.113322,-0.012055,-0.354352
-0.113024,-0.012266,-0.348147
-0.112856,-0.012366,-0.340029
-0.112675,-0.012460,-0.341881
-0.112276,-0.012639,-0.335585
-0.112058,-0.012725,-0.337406
-0.112058,-0.012725,-0.347406
-0.111827,-0.012807,-0.349197
-0.111586,-0.012888,-0.350988
-0.111070,-0.013041,-0.344661
-0.110795,-0.013113,-0.346451
-0.110509,-0.013183,-0.338242
-0.110214,-0.013250,-0.350033
-0.109592,-0.013372,-0.333553
-0.109266,-0.013426,-0.335283
-0.108929,-0.013477,-0.337013
-0.109335,-0.013424,-0.339506
-0.109335,-0.013424,-0.349506
-0.110401,-0.013265,-0.336892
-0.110401,-0.013265,-0.346892
-0.110710,-0.013209,-0.349293
-0.110996,-0.013153,-0.351664
-0.111505,-0.013038,-0.346344
-0.111729,-0.012977,-0.348623
-0.111934,-0.012915,-0.350963
-0.112121,-0.012851,-0.353273
-0.112434,-0.012716,-0.337831
-0.112563,-0.012648,-0.340049
-0.112673,-0.012579,-0.342267
-0.112767,-0.012508,-0.344454
-0.112767,-0.012508,-0.354454
-0.112949,-0.012295,-0.340925
-0.112949,-0.012295,-0.350925
-0.112979,-0.012224,-0.353082
-0.112995,-0.012154,-0.355209
-0.112981,-0.012012,-0.349401
-0.112952,-0.011939,-0.351466
-0.112909,-0.011866,-0.343501
-0.112852,-0.011794,-0.345505
-0.112698,-0.011653,-0.339545
-0.112602,-0.011580,-0.341549
-0.112602,-0.011580,-0.351549
-0.112376,-0.011430,-0.345497
-0.112376,-0.011430,-0.355497
-0.112101,-0.011281,-0.349384
-0.111945,-0.011209,-0.351296
-0.111777,-0.011137,-0.353179
-0.111599,-0.011066,-0.355061
-0.111211,-0.010924,-0.348917
-0.111003,-0.010853,-0.340830
-0.110787,-0.010783,-0.342712
-0.110561,-0.010713,-0.344564
-0.110324,-0.010644,-0.346416
-0.109818,-0.010505,-0.340059
-0.109818,-0.010505,-0.350059
-0.109550,-0.010436,-0.351880
-0.109271,-0.010370,-0.353701
-0.108677,-0.010242,-0.347344
-0.108363,-0.010180,-0.349135
-0.108039,-0.010119,-0.350895
-0.108361,-0.010124,-0.353601
-0.108936,-0.010134,-0.348861
-0.109189,-0.010137,-0.341415
-0.109189,-0.010137,-0.351415
-0.109631,-0.010144,-0.346553
-0.109631,-0.010144,-0.356553
-0.109989,-0.010145,-0.351569
-0.110139,-0.010146,-0.354000
-0.110271,-0.010147,-0.356432
-0.110385,-0.010148,-0.358802
-0.110559,-0.010148,-0.353513
-0.110619,-0.010146,-0.355853
-0.110661,-0.010143,-0.358163
-0.110686,-0.010140,-0.350472
-0.110690,-0.010133,-0.344969
-0.110671,-0.010129,-0.347157
-0.110671,-0.010129,-0.357157
-0.110594,-0.010122,-0.351501
-0.110594,-0.010122,-0.361501
-0.110464,-0.010114,-0.355815
-0.110380,-0.010109,-0.357942
-0.110281,-0.010104,-0.360068
-0.110170,-0.010099,-0.362164
-0.109916,-0.010088,-0.356265
-0.109772,-0.010082,-0.358269
-0.109617,-0.010075,-0.360273
-0.109452,-0.010068,-0.352247
-0.109452,-0.010068,-0.362247
-0.109091,-0.010051,-0.356256
-0.108897,-0.010041,-0.358230
-0.108693,-0.010029,-0.360204
-0.108481,-0.010017,-0.362147
-0.108025,-0.009988,-0.355942
-0.107783,-0.009974,-0.357825
-0.107533,-0.009959,-0.359677
-0.107274,-0.009946,-0.351589
-0.106727,-0.009915,-0.355354
-0.106438,-0.009898,-0.347206
-0.106142,-0.009880,-0.349027
-0.105836,-0.009861,-0.350848
-0.105836,-0.009861,-0.360848
-0.105199,-0.009821,-0.354430
-0.104869,-0.009801,-0.356190
-0.104531,-0.009782,-0.357981
-0.104712,-0.009676,-0.360657
-0.105016,-0.009469,-0.355886
-0.105142,-0.009369,-0.358440
-0.105252,-0.009270,-0.360963
-0.105346,-0.009171,-0.363456
-0.105423,-0.009075,-0.365918
-0.105529,-0.008886,-0.350751
-0.105529,-0.008886,-0.360751
-0.105576,-0.008705,-0.355492
-0.105576,-0.008705,-0.365492
-0.105579,-0.008615,-0.367802
-0.105547,-0.008441,-0.362360
-0.105513,-0.008356,-0.364578
-0.105467,-0.008271,-0.366796
-0.105336,-0.008105,-0.361171
-0.105253,-0.008023,-0.363328
-0.105158,-0.007942,-0.365454
-0.105051,-0.007862,-0.357581
-0.105051,-0.007862,-0.367581
-0.104668,-0.007627,-0.353777
-0.104668,-0.007627,-0.363777
-0.104523,-0.007550,-0.365781
-0.104368,-0.007473,-0.367755
-0.104030,-0.007322,-0.361733
-0.103848,-0.007249,-0.363707
-0.103657,-0.007176,-0.365620
-0.103457,-0.007104,-0.367533
-0.103032,-0.006966,-0.361267
-0.102807,-0.006899,-0.363119
-0.102576,-0.006834,-0.354940
-0.102336,-0.006770,-0.356792
-0.102336,-0.006770,-0.366792
-0.101567,-0.006585,-0.352256
-0.101567,-0.006585,-0.362256
-0.101296,-0.006524,-0.364016
-0.101017,-0.006465,-0.365776
-0.100438,-0.006348,-0.359236
-0.100139,-0.006290,-0.360935
-0.099832,-0.006233,-0.362695
-0.099519,-0.006175,-0.364425
-0.098872,-0.006061,-0.357823
-0.098537,-0.006004,-0.359492
-0.098196,-0.005944,-0.351161
-0.098245,-0.005861,-0.353837
-0.098245,-0.005861,-0.363837
-0.098301,-0.005701,-0.359097
-0.098307,-0.005623,-0.361711
-0.098300,-0.005547,-0.364296
-0.098279,-0.005471,-0.366819
-0.098204,-0.005322,-0.361804
-0.098148,-0.005248,-0.364205
-0.098079,-0.005175,-0.366606
-0.097999,-0.005102,-0.368977
-0.097809,-0.004957,-0.363657
-0.097699,-0.004883,-0.355997
-0.097699,-0.004883,-0.365997
-0.097578,-0.004811,-0.368276
-0.097446,-0.004740,-0.370525
-0.097305,-0.004670,-0.372773
-0.096993,-0.004532,-0.367148
-0.096823,-0.004465,-0.369275
-0.096644,-0.004397,-0.371401
-0.096457,-0.004330,-0.373528
-0.096263,-0.004263,-0.375654
-0.095853,-0.004130,-0.369785
-0.095637,-0.004064,-0.371820
-0.095637,-0.004064,-0.371820
-0.094942,-0.003872,-0.357742
-0.094942,-0.003872,-0.367742
-0.094694,-0.003810,-0.369655
-0.094438,-0.003748,-0.371628
-0.094175,-0.003687,-0.373572
-0.093904,-0.003626,-0.375485
-0.093342,-0.003506,-0.369219
-0.093051,-0.003449,-0.371071
-0.093051,-0.003449,-0.371071
-0.092143,-0.003278,-0.366473
-0.091829,-0.003223,-0.358295
-0.091509,-0.003169,-0.360085
-0.091509,-0.003169,-0.370085
-0.090854,-0.003065,-0.363606
-0.090518,-0.003012,-0.365366
-0.090177,-0.002960,-0.367065
-0.089830,-0.002908,-0.368765
-0.089479,-0.002860,-0.370433
-0.088757,-0.002765,-0.363801
-0.088387,-0.002718,-0.365470
-0.088488,-0.002841,-0.368298
-0.088573,-0.002961,-0.371066
-0.088705,-0.003190,-0.366448
-0.088705,-0.003190,-0.366448
-0.088786,-0.003413,-0.361647
-0.088786,-0.003413,-0.371647
-0.088806,-0.003523,-0.374200
-0.088812,-0.003736,-0.369247
-0.088799,-0.003838,-0.371709
-0.088775,-0.003936,-0.374141
-0.088741,-0.004031,-0.376542
-0.088644,-0.004217,-0.371222
-0.088580,-0.004308,-0.373531
-0.088506,-0.004399,-0.375780
-0.088423,-0.004490,-0.368059
-0.088231,-0.004664,-0.362526
-0.088231,-0.004664,-0.372526
-0.088010,-0.004831,-0.366840
-0.088010,-0.004831,-0.376840
-0.087889,-0.004912,-0.378936
-0.087761,-0.004994,-0.381031
-0.087484,-0.005154,-0.375101
-0.087334,-0.005231,-0.377197
-0.087176,-0.005305,-0.379232
-0.087010,-0.005377,-0.381267
-0.086656,-0.005509,-0.365215
-0.086468,-0.005572,-0.377128
-0.086468,-0.005572,-0.377128
-0.085871,-0.005744,-0.362775
-0.085871,-0.005744,-0.372775
-0.085659,-0.005798,-0.374657
-0.085441,-0.005850,-0.376478
-0.085218,-0.005901,-0.378300
-0.084755,-0.005998,-0.371851
-0.084515,-0.006045,-0.373611
-0.084269,-0.006092,-0.375341
-0.083762,-0.006182,-0.368708
-0.083499,-0.006225,-0.370438
-0.083499,-0.006225,-0.370438
-0.082956,-0.006306,-0.363867
-0.082956,-0.006306,-0.373867
-0.082679,-0.006343,-0.375536
-0.082111,-0.006409,-0.368812
-0.081818,-0.006440,-0.370450
-0.081813,-0.006490,-0.373126
-0.081798,-0.006538,-0.375741
-0.081741,-0.006631,-0.371031
-0.081698,-0.006675,-0.373585
-0.081646,-0.006719,-0.376108
-0.081585,-0.006760,-0.378601
-0.081435,-0.006835,-0.373464
-0.081435,-0.006835,-0.373464
-0.081248,-0.006900,-0.368145
-0.081248,-0.006900,-0.378145
-0.081142,-0.006928,-0.380485
-0.080913,-0.006980,-0.375043
-0.080787,-0.007004,-0.377291
-0.080654,-0.007026,-0.379509
-0.080515,-0.007046,-0.381666
-0.080214,-0.007084,-0.375889
-0.080054,-0.007102,-0.377985
-0.079889,-0.007118,-0.380050
-0.079889,-0.007118,-0.380050
-0.079358,-0.007159,-0.366155
-0.079358,-0.007159,-0.376155
-0.079173,-0.007170,-0.378098
-0.078983,-0.007179,-0.380042
-0.078790,-0.007186,-0.381954
-0.078390,-0.007199,-0.375658
-0.078182,-0.007204,-0.377540
-0.077969,-0.007209,-0.379392
-0.077752,-0.007213,-0.381183
-0.077310,-0.007220,-0.374764
-0.077310,-0.007220,-0.374764
-0.076849,-0.007223,-0.378193
-0.076849,-0.007223,-0.378193
-0.076608,-0.007222,-0.379893
-0.076364,-0.007219,-0.381561
-0.075867,-0.007208,-0.374990
-0.075613,-0.007200,-0.376659
-0.075099,-0.007177,-0.369935
-0.074836,-0.007162,-0.371573
-0.074569,-0.007146,-0.373151
-0.074298,-0.007130,-0.374728
-0.074025,-0.007115,-0.376274
-0.074025,-0.007115,-0.386274
-0.073470,-0.007082,-0.369459
-0.073188,-0.007065,-0.371006
-0.073238,-0.007218,-0.373651
-0.073279,-0.007365,-0.376235
-0.073310,-0.007506,-0.378789
-0.073342,-0.007771,-0.373744
-0.073342,-0.007896,-0.376176
-0.073313,-0.008136,-0.370947
-0.073285,-0.008249,-0.373287
-0.073249,-0.008359,-0.375597
-0.073207,-0.008465,-0.377845
-0.073207,-0.008465,-0.387845
-0.073029,-0.008764,-0.364408
-0.073029,-0.008764,-0.374408
-0.072958,-0.008858,-0.376534
-0.072882,-0.008950,-0.378691
-0.072799,-0.009039,-0.380818
-0.072616,-0.009210,-0.374949
-0.072516,-0.009291,-0.376953
-0.072411,-0.009368,-0.378927
-0.072301,-0.009441,-0.380901
-0.072073,-0.009581,-0.374696
-0.072073,-0.009581,-0.384696
-0.071828,-0.009703,-0.378522
-0.071828,-0.009703,-0.388522
-0.071699,-0.009759,-0.380374
-0.071566,-0.009812,-0.382195
-0.071291,-0.009904,-0.375776
-0.071150,-0.009946,-0.377537
-0.070860,-0.010026,-0.370966
-0.070712,-0.010062,-0.372726
-0.070560,-0.010097,-0.374456
-0.070405,-0.010131,-0.376155
-0.070245,-0.010163,-0.377823
-0.069916,-0.010221,-0.371100
-0.069916,-0.010221,-0.381100
-0.069577,-0.010266,-0.374315
-0.069577,-0.010266,-0.374315
-0.069404,-0.010284,-0.375892
-0.069048,-0.010308,-0.369138
-0.068867,-0.010315,-0.370746
-0.068683,-0.010320,-0.372323
-0.068497,-0.010323,-0.373870
-0.068118,-0.010324,-0.366902
-0.067925,-0.010321,-0.368418
-0.068087,-0.010487,-0.371094
-0.068087,-0.010487,-0.381094
-0.068513,-0.010949,-0.368969
-0.068513,-0.010949,-0.368969
-0.068636,-0.011088,-0.371492
-0.068749,-0.011218,-0.374015
-0.068944,-0.011459,-0.368848
-0.069028,-0.011572,-0.371218
-0.069102,-0.011681,-0.373558
-0.069167,-0.011786,-0.375929
-0.069225,-0.011885,-0.378239
-0.069317,-0.012069,-0.372797
-0.069351,-0.012154,-0.375015
-0.069378,-0.012237,-0.377172
-0.069378,-0.012237,-0.387172
-0.069397,-0.012316,-0.389329
-0.069413,-0.012459,-0.373521
-0.069407,-0.012523,-0.375647
-0.069392,-0.012582,-0.377743
-0.069369,-0.012637,-0.379778
-0.069301,-0.012736,-0.373787
-0.069258,-0.012779,-0.375760
-0.069209,-0.012820,-0.377673
-0.069154,-0.012858,-0.379586
-0.069028,-0.012921,-0.373381
-0.069028,-0.012921,-0.383381
-0.068883,-0.012969,-0.377146
-0.068883,-0.012969,-0.377146
-0.068804,-0.012986,-0.378998
-0.068630,-0.013012,-0.372610
-0.068535,-0.013020,-0.374370
-0.068434,-0.013025,-0.376100
-0.068328,-0.013027,-0.377830
-0.068105,-0.013024,-0.371320
-0.067987,-0.013019,-0.373019
-0.067864,-0.013011,-0.374718
-0.067741,-0.013000,-0.376356
-0.067483,-0.012975,-0.369602
-0.067483,-0.012975,-0.379602
-0.067349,-0.012960,-0.371210
-0.067210,-0.012942,-0.372787
-0.067068,-0.012922,-0.374395
-0.066770,-0.012874,-0.367579
-0.066614,-0.012848,-0.369156
-0.066937,-0.012969,-0.371924
-0.067248,-0.013084,-0.374630
-0.067830,-0.013300,-0.369890
-0.068104,-0.013400,-0.372444
-0.068365,-0.013496,-0.374998
-0.068365,-0.013496,-0.384998
-0.069074,-0.013757,-0.372445
-0.069074,-0.013757,-0.372445
-0.069291,-0.013836,-0.374816
-0.069497,-0.013911,-0.377186
-0.069693,-0.013984,-0.379496
-0.070054,-0.014121,-0.373993
-0.070219,-0.014185,-0.376241
-0.070374,-0.014246,-0.378459
-0.070520,-0.014304,-0.380616
-0.070783,-0.014408,-0.374869
-0.070783,-0.014408,-0.384869
-0.071009,-0.014501,-0.378970
-0.071009,-0.014501,-0.388970
-0.071198,-0.014576,-0.382948
-0.071280,-0.014609,-0.374952
-0.071355,-0.014638,-0.376896
-0.071422,-0.014661,-0.378839
-0.071482,-0.014679,-0.380752
-0.071580,-0.014705,-0.374456
-0.071616,-0.014712,-0.376277
-0.071644,-0.014715,-0.378068
-0.071666,-0.014714,-0.379828
-0.071685,-0.014699,-0.373348
-0.071685,-0.014699,-0.383348
-0.071677,-0.014676,-0.376777
-0.071677,-0.014676,-0.376777
-0.071664,-0.014661,-0.378477
-0.071615,-0.014623,-0.371753
-0.071580,-0.014599,-0.373361
-0.071539,-0.014572,-0.374968
-0.071490,-0.014542,-0.376576
-0.071376,-0.014472,-0.369791
-0.071310,-0.014435,-0.371338
-0.071240,-0.014397,-0.372885
-0.071240,-0.014397,-0.382885
-0.071162,-0.014358,-0.384431
-0.070983,-0.014271,-0.377402
-0.070882,-0.014223,-0.378888
-0.071199,-0.014334,-0.371777
-0.071500,-0.014440,-0.374606
-0.072052,-0.014631,-0.370140
-0.072304,-0.014720,-0.372847
-0.072543,-0.014804,-0.375492
-0.072767,-0.014885,-0.378076
-0.073177,-0.015031,-0.373123
-0.073177,-0.015031,-0.383123
-0.073364,-0.015100,-0.385646
-0.073538,-0.015165,-0.388108
-0.073700,-0.015225,-0.390540
-0.073988,-0.015334,-0.385281
-0.074116,-0.015380,-0.377560
-0.074232,-0.015421,-0.379839
-0.074337,-0.015457,-0.382057
-0.074517,-0.015518,-0.376462
-0.074593,-0.015545,-0.378619
-0.074660,-0.015569,-0.380746
-0.074717,-0.015589,-0.382842
-0.074807,-0.015619,-0.376942
-0.074807,-0.015619,-0.386942
-0.074840,-0.015630,-0.388916
-0.074865,-0.015638,-0.390890
-0.074883,-0.015645,-0.392803
-0.074893,-0.015652,-0.376720
-0.074887,-0.015652,-0.378602
-0.074873,-0.015647,-0.380454
-0.074849,-0.015635,-0.382306
-0.074784,-0.015602,-0.375887
-0.074741,-0.015581,-0.377617
-0.074690,-0.015557,-0.379316
-0.074690,-0.015557,-0.389316
-0.074492,-0.015472,-0.374536
-0.074492,-0.015472,-0.384536
-0.074413,-0.015441,-0.386205
-0.074330,-0.015408,-0.387874
-0.074152,-0.015336,-0.371089
-0.074056,-0.015297,-0.372666
-0.073953,-0.015255,-0.374243
-0.073845,-0.015211,-0.375851
-0.073730,-0.015165,-0.377428
-0.073608,-0.015117,-0.378975
-0.073350,-0.015020,-0.372037
-0.073606,-0.015267,-0.374957
-0.073606,-0.015267,-0.384957
-0.073847,-0.015505,-0.387816
-0.074288,-0.015956,-0.383381
-0.074489,-0.016168,-0.376149
-0.074678,-0.016374,-0.378885
-0.074854,-0.016574,-0.381561
-0.075173,-0.016954,-0.376760
-0.075315,-0.017134,-0.379283
-0.075445,-0.017308,-0.381776
-0.075564,-0.017475,-0.384208
-0.075772,-0.017794,-0.379010
-0.075772,-0.017794,-0.389010
-0.075939,-0.018087,-0.383721
-0.075939,-0.018087,-0.393721
-0.076008,-0.018223,-0.396030
-0.076118,-0.018483,-0.380497
-0.076159,-0.018603,-0.382654
-0.076190,-0.018718,-0.384811
-0.076210,-0.018827,-0.386907
-0.076220,-0.019029,-0.381099
-0.076209,-0.019123,-0.383164
-0.076190,-0.019212,-0.385168
-0.076162,-0.019294,-0.387142
-0.076079,-0.019443,-0.380999
-0.076079,-0.019443,-0.390999
-0.076026,-0.019513,-0.392881
-0.075967,-0.019578,-0.394702
-0.075832,-0.019696,-0.388467
-0.075754,-0.019749,-0.380288
-0.075671,-0.019798,-0.382109
-0.075581,-0.019844,-0.383870
-0.075486,-0.019884,-0.385599
-0.075280,-0.019949,-0.378998
-0.075168,-0.019974,-0.380636
-0.075051,-0.019994,-0.372335
-0.075051,-0.019994,-0.372335
-0.074928,-0.020011,-0.363973
-0.074664,-0.020036,-0.347219
-0.074525,-0.020041,-0.338796
-0.074381,-0.020044,-0.330343
-0.074233,-0.020043,-0.321859
-0.073924,-0.020032,-0.304861
-0.073761,-0.020022,-0.296407
-0.073829,-0.020148,-0.289358
-0.073886,-0.020268,-0.282247
-0.073971,-0.020489,-0.267904
-0.073999,-0.020591,-0.260641
-0.074017,-0.020686,-0.253378
-0.074017,-0.020686,-0.253378
-0.074027,-0.020776,-0.246084
-0.074016,-0.020937,-0.231436
-0.074000,-0.021007,-0.224111
-0.073977,-0.021073,-0.216757
-0.073946,-0.021134,-0.209371
-0.073863,-0.021244,-0.194570
-0.073811,-0.021292,-0.187155
-0.073753,-0.021333,-0.179708
-0.073753,-0.021333,-0.179708
-0.073541,-0.021429,-0.157461
-0.073541,-0.021429,-0.157461
-0.073456,-0.021452,-0.150045
-0.073363,-0.021468,-0.142629
-0.073267,-0.021476,-0.135214
-0.073057,-0.021487,-0.120382
-0.072945,-0.021488,-0.112997
-0.072829,-0.021484,-0.105581
-0.072710,-0.021477,-0.098287
-0.072458,-0.021454,-0.083669
-0.072326,-0.021437,-0.076406
-0.072190,-0.021418,-0.069143
-0.072190,-0.021418,-0.069143
-0.071757,-0.021343,-0.047476
-0.071757,-0.021343,-0.047476
-0.071606,-0.021310,-0.040304
-0.071453,-0.021272,-0.033224
-0.071296,-0.021232,-0.026205
-0.070977,-0.021144,-0.012228
-0.070813,-0.021094,-0.005270
-0.070646,-0.021040,0.001627
-0.070475,-0.020983,0.008524
-0.070301,-0.020922,0.015360
-0.070301,-0.020922,0.015360
-0.069763,-0.020713,0.035532
-0.069763,-0.020713,0.035532
-0.069389,-0.020560,0.048746
-0.069197,-0.020480,0.055308
-0.069003,-0.020397,0.061808
-0.069251,-0.020345,0.066935
-0.069490,-0.020289,0.072062
-0.069937,-0.020168,0.082224
-0.070143,-0.020102,0.087260
-0.070338,-0.020032,0.092295
-0.070338,-0.020032,0.092295
-0.070860,-0.019807,0.107279
-0.070860,-0.019807,0.107279
-0.071014,-0.019727,0.112223
-0.071156,-0.019646,0.117167
-0.071288,-0.019562,0.122050
-0.071522,-0.019385,0.131632
-0.071624,-0.019295,0.136393
-0.071718,-0.019202,0.141123
-0.071801,-0.019107,0.145823
-0.071942,-0.018916,0.155131
-0.072000,-0.018819,0.159708
-0.072051,-0.018721,0.164286
-0.072051,-0.018721,0.164286
-0.072127,-0.018520,0.173136
-0.072155,-0.018417,0.177500
-0.072176,-0.018313,0.181864
-0.072188,-0.018207,0.186167
-0.072192,-0.018099,0.190439
-0.072169,-0.017879,0.198801
-0.072143,-0.017766,0.202921
-0.072110,-0.017651,0.206980
-0.072070,-0.017537,0.211008
-0.071966,-0.017303,0.218943
-0.071966,-0.017303,0.218943
-0.071836,-0.017062,0.226755
-0.071836,-0.017062,0.226755
-0.071761,-0.016937,0.230540
-0.071586,-0.016684,0.238016
-0.071488,-0.016556,0.241678
-0.071383,-0.016428,0.245341
-0.071270,-0.016298,0.248911
-0.071023,-0.016034,0.255991
-0.070891,-0.015898,0.259470
-0.070751,-0.015760,0.262797
-0.070751,-0.015760,0.262797
-0.070296,-0.015342,0.272593
-0.070296,-0.015342,0.272593
-0.070133,-0.015202,0.275797
-0.070448,-0.015287,0.277872
-0.070745,-0.015368,0.279917
-0.071026,-0.015442,0.281931
-0.071544,-0.015572,0.285929
-0.071781,-0.015630,0.287852
-0.072003,-0.015684,0.289774
-0.072211,-0.015735,0.291666
-0.072586,-0.015824,0.295420
-0.072756,-0.015863,0.297251
-0.072756,-0.015863,0.297251
-0.073205,-0.015954,0.302622
-0.073205,-0.015954,0.302622
-0.073333,-0.015976,0.304362
-0.073447,-0.015995,0.306040
-0.073549,-0.016009,0.307719
-0.073724,-0.016031,0.311014
-0.073795,-0.016040,0.312632
-0.073856,-0.016047,0.314249
-0.073905,-0.016053,0.315806
-0.073945,-0.016057,0.317332
-0.073996,-0.016061,0.320261
-0.074006,-0.016060,0.321726
-0.074006,-0.016060,0.321726
-0.073999,-0.016053,0.324534
-0.073982,-0.016047,0.325938
-0.073958,-0.016036,0.327311
-0.073925,-0.016023,0.328654
-0.073884,-0.016007,0.329905
-0.073779,-0.015974,0.332377
-0.073716,-0.015953,0.333567
-0.073645,-0.015929,0.334757
-0.073566,-0.015902,0.335917
-0.073386,-0.015839,0.338175
-0.073386,-0.015839,0.338175
-0.073286,-0.015804,0.339304
-0.073179,-0.015768,0.340311
-0.073066,-0.015729,0.341288
-0.072826,-0.015646,0.343210
-0.072697,-0.015601,0.344156
-0.072560,-0.015555,0.345072
-0.072417,-0.015506,0.345957
-0.072106,-0.015407,0.347697
-0.071940,-0.015355,0.348459
-0.072048,-0.015303,0.348032
-0.072048,-0.015303,0.348032
-0.072292,-0.015136,0.346873
-0.072292,-0.015136,0.346873
-0.072351,-0.015074,0.346476
-0.072398,-0.015010,0.346110
-0.072433,-0.014944,0.345774
-0.072469,-0.014806,0.345011
-0.072473,-0.014736,0.344614
-0.072468,-0.014664,0.344248
-0.072452,-0.014591,0.343851
-0.072389,-0.014437,0.343119
-0.072343,-0.014358,0.342783
-0.072286,-0.014284,0.342417
-0.072286,-0.014284,0.342417
-0.072218,-0.014208,0.342081
-0.072057,-0.014056,0.341227
-0.071965,-0.013979,0.340800
-0.071863,-0.013901,0.340403
-0.071752,-0.013824,0.340006
-0.071506,-0.013666,0.339213
-0.071370,-0.013586,0.338816
-0.071227,-0.013504,0.338419
-0.071076,-0.013423,0.337961
-0.070750,-0.013264,0.337076
-0.070750,-0.013264,0.337076
-0.070577,-0.013185,0.336649
-0.070396,-0.013106,0.336222
-0.070209,-0.013026,0.335795
-0.069818,-0.012865,0.334940
-0.069614,-0.012785,0.334543
-0.069405,-0.012704,0.334025
-0.068970,-0.012539,0.333079
-0.068744,-0.012452,0.332590
-0.068514,-0.012365,0.332102
-0.068280,-0.012277,0.331644
-0.068280,-0.012277,0.331644
-0.067535,-0.012014,0.330240
-0.067535,-0.012014,0.330240
-0.067276,-0.011929,0.329691
-0.067012,-0.011844,0.329172
-0.066743,-0.011758,0.328654
-0.066193,-0.011589,0.327646
-0.065913,-0.011505,0.327128
-0.066067,-0.011394,0.325266
-0.066339,-0.011179,0.321604
-0.066456,-0.011072,0.319742
-0.066560,-0.010965,0.317942
-0.066651,-0.010857,0.316141
-0.066651,-0.010857,0.316141
-0.066729,-0.010749,0.314402
-0.066795,-0.010641,0.312723
-0.066898,-0.010428,0.309397
-0.066936,-0.010323,0.307780
-0.066981,-0.010113,0.304575
-0.066990,-0.010009,0.302988
-0.066991,-0.009906,0.301401
-0.066983,-0.009804,0.299875
-0.066983,-0.009804,0.299875
-0.066944,-0.009601,0.296885
-0.066944,-0.009601,0.296885
-0.066872,-0.009406,0.294016
-0.066824,-0.009311,0.292643
-0.066768,-0.009217,0.291239
-0.066633,-0.009030,0.288492
-0.066557,-0.008937,0.287150
-0.066475,-0.008844,0.285868
-0.066389,-0.008751,0.284586
-0.066196,-0.008572,0.282145
-0.066091,-0.008485,0.280955
-0.065981,-0.008398,0.279734
-0.065981,-0.008398,0.279734
-0.065619,-0.008138,0.276224
-0.065619,-0.008138,0.276224
-0.065487,-0.008052,0.275095
-0.065349,-0.007967,0.274027
-0.065205,-0.007885,0.272959
-0.064908,-0.007732,0.270792
-0.064753,-0.007658,0.269755
-0.064592,-0.007585,0.268717
-0.064427,-0.007512,0.267740
-0.064082,-0.007366,0.265848
-0.063903,-0.007294,0.264933
-0.063903,-0.007294,0.264933
-0.063719,-0.007223,0.263956
-0.063337,-0.007084,0.262125
-0.063137,-0.007017,0.261240
-0.062932,-0.006952,0.260386
-0.062907,-0.007030,0.258036
-0.062875,-0.007106,0.255747
-0.062789,-0.007254,0.251383
-0.062734,-0.007325,0.249216
-0.062670,-0.007397,0.247111
-0.062518,-0.007537,0.243082
-0.062431,-0.007606,0.241160
-0.062431,-0.007606,0.241160
-0.062335,-0.007674,0.239268
-0.062232,-0.007740,0.237467
-0.062124,-0.007806,0.235697
-0.061887,-0.007933,0.232249
-0.061759,-0.007992,0.230540
-0.061625,-0.008049,0.228922
-0.061485,-0.008103,0.227335
-0.061188,-0.008205,0.224283
-0.061031,-0.008255,0.222849
-0.060869,-0.008305,0.221476
-0.060700,-0.008356,0.220133
-0.060348,-0.008453,0.217448
-0.060348,-0.008453,0.217448
-0.060164,-0.008497,0.216196
-0.059976,-0.008540,0.214976
-0.059783,-0.008580,0.213816
-0.059587,-0.008620,0.212717
-0.059183,-0.008700,0.210612
-0.058986,-0.008744,0.209635
-0.058785,-0.008788,0.208628
-0.058368,-0.008870,0.206766
-0.058153,-0.008907,0.205881
-0.057935,-0.008941,0.205057
-0.057935,-0.008941,0.205057
-0.057713,-0.008973,0.204264
-0.057260,-0.009034,0.202738
-0.057027,-0.009063,0.202006
-0.056791,-0.009089,0.201273
-0.056558,-0.009114,0.200632
-0.056085,-0.009154,0.199412
-0.055846,-0.009171,0.198862
-0.055607,-0.009187,0.198374
-0.055366,-0.009200,0.197825
-0.054878,-0.009225,0.196848
-0.054878,-0.009225,0.196848
-0.054633,-0.009237,0.196421
-0.054577,-0.009176,0.194437
-0.054517,-0.009115,0.192545
-0.054379,-0.008992,0.188975
-0.054304,-0.008931,0.187296
-0.054203,-0.008890,0.185648
-0.053991,-0.008811,0.182535
-0.053879,-0.008773,0.181101
-0.053763,-0.008735,0.179728
-0.053644,-0.008697,0.178416
-0.053644,-0.008697,0.178416
-0.053269,-0.008592,0.174845
-0.053269,-0.008592,0.174845
-0.053139,-0.008559,0.173716
-0.053006,-0.008526,0.172648
-0.052871,-0.008491,0.171641
-0.052591,-0.008420,0.169810
-0.052448,-0.008385,0.168986
-0.052304,-0.008350,0.168223
-0.052014,-0.008280,0.166849
-0.051867,-0.008244,0.166178
-0.051719,-0.008207,0.165537
-0.051568,-0.008170,0.164957
-0.051568,-0.008170,0.164957
-0.051417,-0.008133,0.164469
-0.051105,-0.008055,0.163584
-0.050949,-0.008016,0.163218
-0.050764,-0.007983,0.162943
-0.050580,-0.007949,0.162668
-0.050209,-0.007877,0.162180
-0.050022,-0.007842,0.161997
-0.049832,-0.007805,0.161875
-0.049642,-0.007767,0.161814
-0.049258,-0.007691,0.161814
-0.049258,-0.007691,0.161814
-0.049064,-0.007654,0.161875
-0.048869,-0.007614,0.161967
-0.048673,-0.007572,0.162058
-0.048475,-0.007528,0.162150
-0.048074,-0.007445,0.162516
-0.047873,-0.007404,0.162760
-0.047470,-0.007319,0.163370
-0.047268,-0.007278,0.163737
-0.047066,-0.007239,0.164164
-0.047134,-0.007073,0.162821
-0.047134,-0.007073,0.162821
-0.047304,-0.006589,0.159281
-0.047304,-0.006589,0.159281
-0.047349,-0.006435,0.158243
-0.047393,-0.006276,0.157297
-0.047433,-0.006121,0.156412
-0.047495,-0.005819,0.154886
-0.047518,-0.005674,0.154124
-0.047536,-0.005534,0.153452
-0.047548,-0.005396,0.152872
-0.047564,-0.005126,0.151865
-0.047567,-0.004997,0.151469
-0.047567,-0.004997,0.151469
-0.047566,-0.004870,0.151133
-0.047561,-0.004744,0.150858
-0.047540,-0.004499,0.150400
-0.047523,-0.004379,0.150217
-0.047501,-0.004261,0.150095
-0.047476,-0.004145,0.150034
-0.047417,-0.003915,0.150095
-0.047385,-0.003799,0.150187
-0.047349,-0.003684,0.150339
-0.047310,-0.003571,0.150553
-0.047226,-0.003348,0.150950
-0.047226,-0.003348,0.150950
-0.047137,-0.003121,0.151560
-0.047137,-0.003121,0.151560
-0.047097,-0.003003,0.151926
-0.047010,-0.002771,0.152811
-0.046961,-0.002658,0.153330
-0.046908,-0.002547,0.153879
-0.046791,-0.002328,0.154948
-0.046728,-0.002221,0.155558
-0.046661,-0.002118,0.156199
-0.046661,-0.002118,0.156199
-0.046443,-0.001824,0.158396
-0.046365,-0.001731,0.159189
-0.046365,-0.001731,0.159189
-0.046284,-0.001640,0.160044
-0.046201,-0.001551,0.160807
-0.046114,-0.001465,0.161631
-0.045933,-0.001300,0.163370
-0.046074,-0.001271,0.162577
-0.046206,-0.001244,0.161875
-0.046330,-0.001219,0.161234
-0.046449,-0.001194,0.160685
-0.046669,-0.001144,0.159708
-0.046780,-0.001111,0.159312
-0.046780,-0.001111,0.159312
-0.047075,-0.001018,0.158518
-0.047075,-0.001018,0.158518
-0.047161,-0.000992,0.158365
-0.047242,-0.000970,0.158274
-0.047316,-0.000950,0.158274
-0.047443,-0.000918,0.158335
-0.047443,-0.000918,0.158335
-0.047549,-0.000890,0.158518
-0.047549,-0.000890,0.158518
-0.047664,-0.000852,0.159250
-0.047664,-0.000852,0.159250
-0.047692,-0.000841,0.159617
-0.047715,-0.000832,0.159983
-0.047732,-0.000824,0.160441
-0.047754,-0.000814,0.161295
-0.047761,-0.000812,0.162333
-0.047760,-0.000817,0.162943
-0.047749,-0.000831,0.164255
-0.047749,-0.000831,0.164255
-0.047739,-0.000840,0.164957
-0.047742,-0.000838,0.165720
-0.047742,-0.000837,0.166453
-0.047730,-0.000836,0.167979
-0.047717,-0.000835,0.168833
-0.047700,-0.000828,0.169688
-0.047653,-0.000814,0.171519
-0.047625,-0.000807,0.172495
-0.047625,-0.000807,0.172495
-0.047557,-0.000794,0.174448
-0.047557,-0.000794,0.174448
-0.047431,-0.000786,0.177500
-0.047431,-0.000786,0.177500
-0.047383,-0.000782,0.178568
-0.047333,-0.000780,0.179697
-0.047282,-0.000776,0.180826
-0.047171,-0.000767,0.183146
-0.047113,-0.000764,0.184275
-0.047247,-0.000708,0.183634
-0.047371,-0.000653,0.183024
-0.047600,-0.000553,0.182047
-0.047706,-0.000507,0.181650
-0.047806,-0.000475,0.181315
-0.047806,-0.000475,0.181315
-0.048063,-0.000396,0.180460
-0.048063,-0.000396,0.180460
-0.048135,-0.000375,0.180277
-0.048199,-0.000354,0.180186
-0.048256,-0.000336,0.180125
-0.048355,-0.000305,0.180186
-0.048398,-0.000291,0.180216
-0.048435,-0.000277,0.180338
-0.048469,-0.000265,0.180491
-0.048525,-0.000244,0.180918
-0.048548,-0.000234,0.181223
-0.048567,-0.000227,0.181559
-0.048582,-0.000222,0.181925
-0.048603,-0.000214,0.182749
-0.048607,-0.000212,0.183237
-0.048607,-0.000211,0.183756
-0.048607,-0.000211,0.183756
-0.048605,-0.000211,0.184305
-0.048590,-0.000218,0.185557
-0.048578,-0.000225,0.186167
-0.048574,-0.000235,0.186808
-0.048553,-0.000258,0.188212
-0.048540,-0.000270,0.188975
-0.048525,-0.000283,0.189768
-0.048525,-0.000283,0.189768
-0.048506,-0.000296,0.190592
-0.048483,-0.000310,0.191447
-0.048429,-0.000335,0.193186
-0.048396,-0.000347,0.194041
-0.048361,-0.000360,0.194956
-0.048361,-0.000360,0.194956
-0.048324,-0.000374,0.195872
-0.048259,-0.000408,0.197275
-0.048234,-0.000426,0.197397
-0.048214,-0.000443,0.197001
-0.048184,-0.000480,0.195139
-0.048171,-0.000501,0.193949
-0.048156,-0.000522,0.192698
-0.048156,-0.000522,0.192698
-0.048330,-0.000433,0.189585
-0.048497,-0.000347,0.186503
-0.048659,-0.000264,0.183512
-0.048964,-0.000109,0.177744
-0.049101,-0.000039,0.174998
-0.049232,0.000030,0.172251
-0.049356,0.000098,0.169626
-0.049583,0.000228,0.164591
-0.049687,0.000290,0.162211
-0.049687,0.000290,0.162211
-0.049784,0.000350,0.159922
-0.049875,0.000408,0.157694
-0.049961,0.000463,0.155588
-0.050041,0.000518,0.153544
-0.050181,0.000621,0.149607
-0.050241,0.000670,0.147745
-0.050241,0.000670,0.147745
-0.050343,0.000766,0.144297
-0.050343,0.000766,0.144297
-0.050419,0.000854,0.141154
-0.050445,0.000897,0.139719
-0.050464,0.000940,0.138346
-0.050476,0.000982,0.136973
-0.050476,0.000982,0.136973
-0.050472,0.001093,0.133311
-0.050472,0.001093,0.133311
-0.050439,0.001158,0.131235
-0.050439,0.001158,0.131235
-0.050441,0.001218,0.129465
-0.050434,0.001248,0.128672
-0.050434,0.001248,0.128672
-0.050397,0.001305,0.127146
-0.050397,0.001305,0.127146
-0.050397,0.001305,0.127146
-0.050397,0.001305,0.127146
-0.050290,0.001382,0.125406
-0.050290,0.001382,0.125406
-0.050241,0.001407,0.124949
-0.050241,0.001407,0.124949
-0.050241,0.001407,0.124949
-0.050241,0.001407,0.124949
-0.050241,0.001407,0.124949
-0.050241,0.001407,0.124949
-0.050241,0.001407,0.124949
-0.050241,0.001407,0.124949
-0.050241,0.001407,0.124949
-0.050241,0.001407,0.124949
-0.050241,0.001407,0.124949
-0.050188,0.001431,0.124552
-0.050067,0.001478,0.123942
-0.049998,0.001499,0.123636
-0.049924,0.001517,0.123423
-0.049846,0.001537,0.123240
-0.049677,0.001577,0.123087
-0.049588,0.001597,0.123087
-0.049588,0.001597,0.123087
-0.049400,0.001637,0.123270
-0.049400,0.001637,0.123270
-0.049667,0.002312,0.117991
-0.049667,0.002312,0.117991
-0.049740,0.002526,0.116434
-0.049808,0.002737,0.114969
-0.049897,0.002954,0.113566
-0.050054,0.003373,0.111094
-0.050123,0.003574,0.109995
-0.050187,0.003773,0.108988
-0.050297,0.004157,0.107065
-0.050346,0.004341,0.106241
-0.050346,0.004341,0.106241
-0.050433,0.004695,0.104868
-0.050433,0.004695,0.104868
-0.050538,0.005191,0.103373
-0.050538,0.005191,0.103373
-0.050566,0.005345,0.103037
-0.050590,0.005493,0.102732
-0.050609,0.005637,0.102457
-0.050626,0.005774,0.102274
-0.050649,0.006027,0.102152
-0.050655,0.006147,0.102183
-0.050658,0.006263,0.102274
-0.050660,0.006368,0.102457
-0.050655,0.006558,0.102915
-0.050650,0.006646,0.103190
-0.050577,0.006735,0.103556
-0.050504,0.006821,0.103983
-0.050504,0.006821,0.103983
-0.050275,0.007051,0.105601
-0.050275,0.007051,0.105601
-0.050195,0.007120,0.106272
-0.050114,0.007185,0.107004
-0.049944,0.007305,0.108500
-0.049856,0.007358,0.109324
-0.049766,0.007407,0.110209
-0.049673,0.007455,0.111155
-0.049577,0.007500,0.112162
-0.049380,0.007593,0.114298
-0.049277,0.007636,0.115427
-0.049173,0.007679,0.116556
-0.048954,0.007755,0.118906
-0.048954,0.007755,0.118906
-0.048840,0.007791,0.120157
-0.048431,0.008849,0.118754
-0.048431,0.008849,0.118754
-0.048020,0.009856,0.117716
-0.047814,0.010343,0.117350
-0.047617,0.010844,0.116984
-0.047419,0.011334,0.116678
-0.047018,0.012281,0.116373
-0.046815,0.012738,0.116312
-0.046610,0.013185,0.116343
-0.046405,0.013620,0.116465
-0.045992,0.014461,0.116892
-0.045785,0.014870,0.117136
-0.045579,0.015269,0.117472
-0.045372,0.015659,0.117869
-0.045372,0.015659,0.117869
-0.044754,0.016784,0.119456
-0.044754,0.016784,0.119456
-0.044549,0.017146,0.120096
-0.044344,0.017498,0.120798
-0.043938,0.018180,0.122324
-0.043738,0.018506,0.123148
-0.043540,0.018823,0.124003
-0.043343,0.019129,0.124949
-0.042953,0.019709,0.126932
-0.042761,0.019985,0.128031
-0.042589,0.020222,0.129130
-0.042420,0.020448,0.130320
-0.042420,0.020448,0.130320
-0.042087,0.020872,0.132670
-0.041924,0.021072,0.133921
-0.041766,0.021265,0.135203
-0.041612,0.021446,0.136515
-0.041315,0.021780,0.139292
-0.041170,0.021934,0.140757
-0.041029,0.022080,0.142252
-0.040892,0.022218,0.143687
-0.040626,0.022470,0.146647
-0.040497,0.022584,0.148203
-0.040497,0.022584,0.148203
-0.040260,0.022794,0.151377
-0.040260,0.022794,0.151377
-0.040036,0.022978,0.154673
-0.039928,0.023059,0.156351
-0.039744,0.023516,0.155924
-0.039563,0.023960,0.155619
-0.039207,0.024802,0.155192
-0.039036,0.025203,0.155100
-0.038870,0.025592,0.155070
-0.038707,0.025969,0.155100
-0.038385,0.026685,0.155344
-0.038227,0.027023,0.155497
-0.038227,0.027023,0.155497
-0.037920,0.027658,0.155955
-0.037920,0.027658,0.155955
-0.037625,0.028242,0.156656
-0.037480,0.028517,0.157084
-0.037337,0.028780,0.157572
-0.037197,0.029031,0.158091
-0.036921,0.029501,0.159250
-0.036786,0.029718,0.159891
-0.036654,0.029924,0.160563
-0.036525,0.030120,0.161295
-0.036276,0.030477,0.162882
-0.036155,0.030639,0.163737
-0.036155,0.030639,0.163737
-0.036034,0.030792,0.164652
-0.035915,0.030934,0.165598
-0.035677,0.031188,0.167460
-0.035560,0.031300,0.168467
-0.035443,0.031401,0.169504
-0.035325,0.031493,0.170603
-0.035209,0.031575,0.171702
-0.035096,0.031647,0.172861
-0.035096,0.031647,0.172861
-0.034764,0.031806,0.176401
-0.034764,0.031806,0.176401
-0.034656,0.031842,0.177592
-0.034551,0.031869,0.178812
-0.034345,0.031900,0.181376
-0.034246,0.031907,0.182688
-0.034246,0.031907,0.182688
-0.034246,0.031907,0.182688
-0.034148,0.031905,0.184031
-0.034051,0.031896,0.185313
-0.033956,0.031879,0.186625
-0.033771,0.031826,0.189341
-0.033681,0.031790,0.190714
-0.033593,0.031749,0.192148
-0.033443,0.032074,0.190836
-0.033372,0.032219,0.190256
-0.033302,0.032353,0.189768
-0.033236,0.032478,0.189310
-0.033113,0.032698,0.188639
-0.033054,0.032793,0.188395
-0.032996,0.032879,0.188212
-0.032941,0.032956,0.188059
-0.032839,0.033081,0.187937
-0.032792,0.033128,0.187906
-0.032748,0.033167,0.187937
-0.032708,0.033198,0.188029
-0.032637,0.033240,0.188334
-0.032608,0.033254,0.188578
-0.032608,0.033254,0.188578
-0.032558,0.033258,0.189188
-0.032558,0.033258,0.189188
-0.032500,0.033213,0.190195
-0.032500,0.033213,0.190195
-0.032484,0.033186,0.190623
-0.032469,0.033153,0.191080
-0.032446,0.033063,0.192148
-0.032438,0.033008,0.192728
-0.032432,0.032946,0.193369
-0.032427,0.032879,0.193949
-0.032421,0.032726,0.195200
-0.032422,0.032643,0.195872
-0.032423,0.032557,0.196573
-0.032425,0.032466,0.197336
-0.032426,0.032266,0.198954
-0.032424,0.032159,0.199778
-0.032421,0.032049,0.200571
-0.032418,0.031936,0.201395
-0.032417,0.031819,0.202250
-0.032418,0.031697,0.203104
-0.032421,0.031445,0.204966
-0.032427,0.031315,0.205912
-0.032427,0.031315,0.205912
-0.032453,0.030900,0.208842
-0.032453,0.030900,0.208842
-0.032462,0.030755,0.209818
-0.032469,0.030606,0.210795
-0.032305,0.030508,0.210520
-0.032137,0.030556,0.209330
-0.031974,0.030598,0.208201
-0.031814,0.030633,0.207133
-0.031656,0.030660,0.206156
-0.031349,0.030693,0.204294
-0.031198,0.030699,0.203440
-0.031049,0.030697,0.202677
-0.030757,0.030679,0.201304
-0.030615,0.030659,0.200724
-0.030615,0.030659,0.200724
-0.030473,0.030633,0.200205
-0.030334,0.030601,0.199717
-0.030059,0.030519,0.198832
-0.029923,0.030467,0.198466
-0.029789,0.030410,0.198160
-0.029658,0.030346,0.197886
-0.029404,0.030209,0.197520
-0.029282,0.030136,0.197428
-0.029164,0.030059,0.197367
-0.029048,0.029977,0.197275
-0.028822,0.029804,0.197214
-0.028713,0.029712,0.197245
-0.028713,0.029712,0.197245
-0.028610,0.029618,0.197336
-0.028510,0.029523,0.197489
-0.028319,0.029325,0.197886
-0.028228,0.029225,0.198160
-0.028139,0.029122,0.198344
-0.028051,0.029019,0.198588
-0.028051,0.029019,0.198588
-0.027801,0.028698,0.199534
-0.027721,0.028593,0.199930
-0.027644,0.028487,0.200358
-0.027644,0.028487,0.200358
-0.027432,0.028160,0.201792
-0.027432,0.028160,0.201792
-0.027366,0.028048,0.202280
-0.027304,0.027936,0.202830
-0.027245,0.027823,0.203379
-0.027190,0.027708,0.203959
-0.027190,0.027708,0.203959
-0.027137,0.027592,0.204600
-0.027085,0.027474,0.205240
-0.026988,0.027225,0.206644
-0.026854,0.027090,0.204813
-0.026605,0.026811,0.201456
-0.026489,0.026665,0.199930
-0.026377,0.026517,0.198466
-0.026271,0.026365,0.197092
-0.026072,0.026050,0.194559
-0.025979,0.025889,0.193400
-0.025979,0.025889,0.193400
-0.025803,0.025560,0.191172
-0.025803,0.025560,0.191172
-0.025645,0.025221,0.189219
-0.025570,0.025047,0.188334
-0.025497,0.024872,0.187540
-0.025428,0.024696,0.186777
-0.025296,0.024339,0.185496
-0.025234,0.024160,0.184824
-0.025175,0.023982,0.184244
-0.025119,0.023802,0.183726
-0.025066,0.023623,0.183268
-0.024967,0.023273,0.182505
-0.024920,0.023100,0.182230
-0.024920,0.023100,0.182230
-0.024875,0.022931,0.181986
-0.024794,0.022601,0.181589
-0.024756,0.022440,0.181437
-0.024721,0.022283,0.181315
-0.024688,0.022128,0.181254
-0.024625,0.021832,0.181284
-0.024596,0.021692,0.181376
-0.024570,0.021555,0.181528
-0.024570,0.021555,0.181528
-0.024547,0.021422,0.181711
-0.024525,0.021294,0.181833
-0.024489,0.021041,0.182261
-0.024475,0.020914,0.182535
-0.024465,0.020791,0.182871
-0.024465,0.020791,0.182871
-0.024454,0.020547,0.183634
-0.024454,0.020547,0.183634
-0.024453,0.020296,0.184580
-0.024455,0.020168,0.185007
-0.024459,0.020038,0.185496
-0.024466,0.019904,0.186014
-0.024488,0.019620,0.187174
-0.024434,0.019408,0.185496
-0.024385,0.019191,0.183939
-0.024339,0.018969,0.182474
-0.024339,0.018969,0.182474
-0.024224,0.018273,0.178446
-0.024224,0.018273,0.178446
-0.024192,0.018029,0.177256
-0.024163,0.017779,0.176157
-0.024114,0.017273,0.174204
-0.024092,0.017013,0.173319
-0.024073,0.016750,0.172526
-0.024056,0.016483,0.171793
-0.024035,0.015948,0.170420
-0.024030,0.015683,0.169840
-0.024028,0.015422,0.169321
-0.024024,0.015165,0.168894
-0.024024,0.015165,0.168894
-0.024026,0.014431,0.167948
-0.024026,0.014431,0.167948
-0.024031,0.014204,0.167734
-0.024036,0.013988,0.167521
-0.024055,0.013587,0.167307
-0.024070,0.013404,0.167307
-0.024083,0.013232,0.167338
-0.024097,0.013074,0.167429
-0.024129,0.012796,0.167795
-0.024147,0.012676,0.168070
-0.024168,0.012570,0.168314
-0.024191,0.012476,0.168619
-0.024237,0.012317,0.169382
-0.024260,0.012249,0.169840
-0.024260,0.012249,0.169840
-0.024283,0.012185,0.170359
-0.024305,0.012122,0.170908
-0.024345,0.011998,0.172129
-0.024364,0.011932,0.172739
-0.024385,0.011861,0.173380
-0.024404,0.011783,0.174082
-0.024443,0.011603,0.175577
-0.024463,0.011494,0.176401
-0.024486,0.011371,0.177286
-0.024506,0.011233,0.178171
-0.024535,0.010891,0.179941
-0.024259,0.010126,0.178110
-0.024259,0.010126,0.178110
-0.023972,0.009325,0.176249
-0.023672,0.008487,0.174265
-0.023024,0.006678,0.170023
-0.022669,0.005702,0.167734
-0.022293,0.004674,0.165293
-0.021892,0.003592,0.162729
-0.020984,0.001243,0.157236
-0.020471,-0.000033,0.154246
-0.019916,-0.001378,0.151133
-0.019313,-0.002797,0.147867
-0.017940,-0.005866,0.140635
-0.017164,-0.007520,0.136637
-0.017164,-0.007520,0.136637
-0.015425,-0.011062,0.128000
-0.015425,-0.011062,0.128000
-0.013425,-0.014913,0.118326
-0.012322,-0.016955,0.113077
-0.011137,-0.019089,0.107554
-0.009875,-0.021306,0.101725
-0.007101,-0.026002,0.088938
-0.005579,-0.028484,0.082102
-0.003960,-0.031060,0.074930
-0.002240,-0.033732,0.067393
0.001519,-0.039369,0.051371
0.003578,-0.042337,0.042826
0.003578,-0.042337,0.042826
0.005758,-0.045410,0.033915
0.008061,-0.048589,0.024546
0.013050,-0.055263,0.004679
0.015742,-0.058756,-0.005819
0.018569,-0.062353,-0.016714
0.021534,-0.066056,-0.028036
0.024641,-0.069864,-0.039755
0.031327,-0.077824,-0.064504
0.034894,-0.081963,-0.077627
0.038614,-0.086207,-0.091177
0.038614,-0.086207,-0.091177
0.063929,-0.113201,-0.179556
0.063929,-0.113201,-0.179556
0.068800,-0.118159,-0.196615
0.073837,-0.123205,-0.214163
0.079070,-0.128348,-0.232260
0.088431,-0.137023,-0.271078
0.092593,-0.140583,-0.291799
0.096952,-0.144249,-0.313040
0.106261,-0.151887,-0.357046
0.111205,-0.155850,-0.379843
0.111205,-0.155850,-0.379843
0.121659,-0.164073,-0.427023
0.121659,-0.164073,-0.427023
0.132863,-0.172630,-0.476431
0.138739,-0.177005,-0.502004
0.144792,-0.181440,-0.528158
0.151019,-0.185931,-0.554861
0.162336,-0.193153,-0.611410
0.168493,-0.197103,-0.639883
0.174925,-0.201213,-0.668630
0.181601,-0.205448,-0.697744
0.195584,-0.214195,-0.757162
0.202855,-0.218665,-0.787557
0.202855,-0.218665,-0.787557
0.217887,-0.227731,-0.849844
0.217887,-0.227731,-0.849844
0.233486,-0.236888,-0.914327
0.241465,-0.241477,-0.947439
0.249553,-0.246066,-0.981100
0.257741,-0.250649,-1.015280
0.274379,-0.259784,-1.085317
0.282819,-0.264335,-1.121206
0.291335,-0.268874,-1.157644
0.299927,-0.273395,-1.194631
0.317340,-0.282365,-1.270529
0.326161,-0.286805,-1.309347
0.326161,-0.286805,-1.309347
0.344028,-0.295581,-1.388723
0.344028,-0.295581,-1.388723
0.362213,-0.304175,-1.470480
0.371446,-0.308377,-1.512258
0.380769,-0.312494,-1.554617
0.390190,-0.316513,-1.597708
0.409348,-0.324170,-1.685690
0.419101,-0.327748,-1.730581
0.428977,-0.331113,-1.776052
0.438153,-0.333981,-1.822042
0.456956,-0.338901,-1.915762
0.466586,-0.340860,-1.963491
0.466586,-0.340860,-1.963491
0.476357,-0.342417,-2.011923
0.486263,-0.343531,-2.060934
0.506462,-0.344260,-2.160574
0.516714,-0.343791,-2.211141
0.527037,-0.342739,-2.262167
0.537413,-0.341088,-2.313619
0.558226,-0.335967,-2.417684
0.568610,-0.332477,-2.470327
0.578951,-0.328379,-2.523245
0.589228,-0.323708,-2.576376
0.589228,-0.323708,-2.576376
0.619523,-0.306749,-2.736776
0.619523,-0.306749,-2.736776
0.629422,-0.300292,-2.790487
0.639223,-0.293538,-2.844320
0.658547,-0.279350,-2.952413
0.668097,-0.272029,-3.006674
0.677594,-0.264610,-3.061086
0.687048,-0.257134,-3.115682
0.705854,-0.242147,-3.225485
0.715242,-0.234665,-3.280752
0.724625,-0.227300,-3.336294
0.734022,-0.219982,-3.392172
0.734022,-0.219982,-3.392172
0.752903,-0.205473,-3.505239
0.762432,-0.198281,-3.562307
0.772016,-0.191134,-3.619741
0.781653,-0.184027,-3.677511
0.801171,-0.170003,-3.794149
0.811110,-0.163242,-3.853048
0.821213,-0.156650,-3.912374
0.831511,-0.150243,-3.972250
0.852763,-0.137973,-4.093527
0.863708,-0.132036,-4.155020
0.863708,-0.132036,-4.155020
0.886144,-0.120310,-4.279714
0.886144,-0.120310,-4.279714
0.909104,-0.108951,-4.406881
0.920699,-0.103414,-4.471304
0.932344,-0.097807,-4.536489
0.944273,-0.091641,-4.603353
0.968157,-0.079144,-4.738638
0.980089,-0.072807,-4.806997
0.991995,-0.066417,-4.875845
1.003875,-0.059990,-4.945181
1.027406,-0.047148,-5.085226
1.039183,-0.040630,-5.156027
1.039183,-0.040630,-5.156027
1.050995,-0.034079,-5.227255
1.062856,-0.027505,-5.298879
1.086738,-0.014303,-5.443380
1.098777,-0.007690,-5.516256
1.110885,-0.001073,-5.589620
1.123075,0.005579,-5.663381
1.147632,0.018838,-5.812490
1.159987,0.025469,-5.887747
1.172364,0.032119,-5.963369
1.184745,0.038811,-6.039297
1.184745,0.038811,-6.039297
1.221970,0.059191,-6.268667
1.221970,0.059191,-6.268667
1.234443,0.066078,-6.345602
1.246986,0.072972,-6.422781
1.272313,0.086752,-6.578390
1.285089,0.093664,-6.656667
1.297976,0.100606,-6.735342
1.310966,0.107572,-6.814321
1.337209,0.121627,-6.973379
1.350509,0.128507,-7.053396
1.350509,0.128507,-7.053396
1.377449,0.142170,-7.214376
1.377449,0.142170,-7.214376
1.405137,0.155153,-7.376669
1.419373,0.161315,-7.458395
1.433890,0.167299,-7.540579
1.448664,0.173185,-7.623281
1.478767,0.184924,-7.790273
1.493939,0.190897,-7.874563
1.509051,0.196954,-7.959463
1.524046,0.203080,-8.044790
1.553563,0.215487,-8.216635
1.568051,0.221700,-8.303152
1.568051,0.221700,-8.303152
1.582367,0.227880,-8.390005
1.595537,0.236672,-8.477804
1.620644,0.254187,-8.653524
1.630496,0.265594,-8.738546
1.639673,0.277781,-8.823263
1.648951,0.289521,-8.908621
1.667804,0.311948,-9.080831
1.677405,0.322812,-9.167654
1.687079,0.333202,-9.254965
1.695300,0.339480,-9.342001
1.695300,0.339480,-9.342001
